split;route;dayofweek;hour;rows;mean;median;total
train;1;0;0;34;0.20588235294117646;0.0;7
train;1;0;1;34;0.11764705882352941;0.0;4
train;1;0;2;34;0.029411764705882353;0.0;1
train;1;0;3;34;0.11764705882352941;0.0;4
train;1;0;4;34;7.852941176470588;8.0;267
train;1;0;5;34;124.47058823529412;126.0;4232
train;1;0;6;34;512.9117647058823;520.5;17439
train;1;0;7;34;1277.0882352941176;1298.5;43421
train;1;0;8;34;1638.4117647058824;1684.5;55706
train;1;0;9;34;1279.2058823529412;1316.0;43493
train;1;0;10;34;1132.0294117647059;1187.0;38489
train;1;0;11;34;1172.5294117647059;1224.0;39866
train;1;0;12;34;1191.9411764705883;1221.0;40526
train;1;0;13;34;1180.1176470588234;1242.0;40124
train;1;0;14;34;1123.9705882352941;1170.0;38215
train;1;0;15;34;1259.1176470588234;1317.5;42810
train;1;0;16;34;1290.5882352941176;1343.0;43880
train;1;0;17;34;1545.3823529411766;1598.0;52543
train;1;0;18;34;1630.5294117647059;1619.0;55438
train;1;0;19;34;1281.1470588235295;1298.5;43559
train;1;0;20;34;832.2352941176471;850.0;28296
train;1;0;21;34;462.0;472.5;15708
train;1;0;22;34;242.2058823529412;246.0;8235
train;1;0;23;34;40.35294117647059;41.0;1372
train;1;1;0;34;3.911764705882353;3.0;133
train;1;1;1;34;0.17647058823529413;0.0;6
train;1;1;2;34;1.088235294117647;0.0;37
train;1;1;3;34;3.3529411764705883;0.0;114
train;1;1;4;34;9.176470588235293;6.0;312
train;1;1;5;34;134.85294117647058;140.5;4585
train;1;1;6;34;525.7941176470588;535.5;17877
train;1;1;7;34;1340.5882352941176;1387.5;45580
train;1;1;8;34;1694.4411764705883;1755.0;57611
train;1;1;9;34;1397.5588235294117;1391.5;47517
train;1;1;10;34;1270.6764705882354;1262.0;43203
train;1;1;11;34;1267.5294117647059;1285.5;43096
train;1;1;12;34;1253.9117647058824;1314.0;42633
train;1;1;13;34;1267.5882352941176;1340.5;43098
train;1;1;14;34;1150.1470588235295;1226.5;39105
train;1;1;15;34;1276.3823529411766;1353.0;43397
train;1;1;16;34;1288.764705882353;1338.5;43818
train;1;1;17;34;1504.1176470588234;1559.0;51140
train;1;1;18;34;1618.1176470588234;1648.0;55016
train;1;1;19;34;1295.0588235294117;1274.5;44032
train;1;1;20;34;872.0294117647059;906.0;29649
train;1;1;21;34;470.11764705882354;472.5;15984
train;1;1;22;34;247.61764705882354;239.0;8419
train;1;1;23;34;47.38235294117647;45.5;1611
train;1;2;0;35;5.485714285714286;4.0;192
train;1;2;1;35;0.05714285714285714;0.0;2
train;1;2;2;35;0.0;0.0;0
train;1;2;3;35;0.0;0.0;0
train;1;2;4;35;8.342857142857143;8.0;292
train;1;2;5;35;127.31428571428572;135.0;4456
train;1;2;6;35;495.42857142857144;547.0;17340
train;1;2;7;35;1265.4571428571428;1323.0;44291
train;1;2;8;35;1695.9142857142858;1713.0;59357
train;1;2;9;35;1356.7714285714285;1407.0;47487
train;1;2;10;35;1209.5714285714287;1240.0;42335
train;1;2;11;35;1233.6;1312.0;43176
train;1;2;12;35;1239.8857142857144;1281.0;43396
train;1;2;13;35;1267.4285714285713;1286.0;44360
train;1;2;14;35;1182.5428571428572;1216.0;41389
train;1;2;15;35;1285.9142857142858;1387.0;45007
train;1;2;16;35;1292.3428571428572;1332.0;45232
train;1;2;17;35;1542.2857142857142;1575.0;53980
train;1;2;18;35;1619.2;1671.0;56672
train;1;2;19;35;1264.1714285714286;1322.0;44246
train;1;2;20;35;838.8571428571429;840.0;29360
train;1;2;21;35;469.37142857142857;468.0;16428
train;1;2;22;35;258.65714285714284;264.0;9053
train;1;2;23;35;47.48571428571429;47.0;1662
train;1;3;0;35;6.514285714285714;5.0;228
train;1;3;1;35;0.2;0.0;7
train;1;3;2;35;0.0;0.0;0
train;1;3;3;35;0.0;0.0;0
train;1;3;4;35;6.457142857142857;7.0;226
train;1;3;5;35;115.62857142857143;125.0;4047
train;1;3;6;35;488.85714285714283;520.0;17110
train;1;3;7;35;1223.0857142857142;1307.0;42808
train;1;3;8;35;1590.0;1638.0;55650
train;1;3;9;35;1296.2857142857142;1362.0;45370
train;1;3;10;35;1224.5714285714287;1231.0;42860
train;1;3;11;35;1201.9714285714285;1304.0;42069
train;1;3;12;35;1235.2571428571428;1273.0;43234
train;1;3;13;35;1210.3428571428572;1296.0;42362
train;1;3;14;35;1167.2571428571428;1205.0;40854
train;1;3;15;35;1236.3714285714286;1225.0;43273
train;1;3;16;35;1278.8857142857144;1342.0;44761
train;1;3;17;35;1485.142857142857;1648.0;51980
train;1;3;18;35;1581.4857142857143;1699.0;55352
train;1;3;19;35;1233.8;1289.0;43183
train;1;3;20;35;820.3142857142857;848.0;28711
train;1;3;21;35;481.57142857142856;501.0;16855
train;1;3;22;35;252.97142857142856;252.0;8854
train;1;3;23;35;55.02857142857143;52.0;1926
train;1;4;0;35;5.771428571428571;5.0;202
train;1;4;1;35;0.08571428571428572;0.0;3
train;1;4;2;35;0.0;0.0;0
train;1;4;3;35;0.14285714285714285;0.0;5
train;1;4;4;35;5.571428571428571;7.0;195
train;1;4;5;35;118.62857142857143;129.0;4152
train;1;4;6;35;466.74285714285713;486.0;16336
train;1;4;7;35;1216.6285714285714;1301.0;42582
train;1;4;8;35;1562.7142857142858;1678.0;54695
train;1;4;9;35;1255.9142857142858;1344.0;43957
train;1;4;10;35;1150.4;1205.0;40264
train;1;4;11;35;1202.142857142857;1266.0;42075
train;1;4;12;35;1199.4571428571428;1258.0;41981
train;1;4;13;35;1218.942857142857;1273.0;42663
train;1;4;14;35;1152.0285714285715;1209.0;40321
train;1;4;15;35;1281.142857142857;1301.0;44840
train;1;4;16;35;1327.5714285714287;1380.0;46465
train;1;4;17;35;1459.0285714285715;1598.0;51066
train;1;4;18;35;1359.3142857142857;1457.0;47576
train;1;4;19;35;1047.0857142857142;1095.0;36648
train;1;4;20;35;748.9142857142857;772.0;26212
train;1;4;21;35;477.54285714285714;497.0;16714
train;1;4;22;35;256.51428571428573;267.0;8978
train;1;4;23;35;61.8;53.0;2163
train;1;5;0;35;9.342857142857143;6.0;327
train;1;5;1;35;0.11428571428571428;0.0;4
train;1;5;2;35;0.0;0.0;0
train;1;5;3;35;0.0;0.0;0
train;1;5;4;35;0.37142857142857144;0.0;13
train;1;5;5;35;34.91428571428571;36.0;1222
train;1;5;6;35;167.82857142857142;170.0;5874
train;1;5;7;35;319.25714285714287;312.0;11174
train;1;5;8;35;427.85714285714283;437.0;14975
train;1;5;9;35;671.5428571428571;668.0;23504
train;1;5;10;35;757.6285714285714;747.0;26517
train;1;5;11;35;708.2857142857143;698.0;24790
train;1;5;12;35;871.0571428571428;888.0;30487
train;1;5;13;35;874.1714285714286;908.0;30596
train;1;5;14;35;810.2857142857143;792.0;28360
train;1;5;15;35;724.7428571428571;720.0;25366
train;1;5;16;35;671.9142857142857;681.0;23517
train;1;5;17;35;641.9428571428572;653.0;22468
train;1;5;18;35;589.2571428571429;594.0;20624
train;1;5;19;35;539.4;547.0;18879
train;1;5;20;35;406.85714285714283;404.0;14240
train;1;5;21;35;298.45714285714286;292.0;10446
train;1;5;22;35;147.28571428571428;138.0;5155
train;1;5;23;35;40.628571428571426;38.0;1422
train;1;6;0;35;3.0285714285714285;0.0;106
train;1;6;1;35;0.34285714285714286;0.0;12
train;1;6;2;35;0.0;0.0;0
train;1;6;3;35;0.0;0.0;0
train;1;6;4;35;0.14285714285714285;0.0;5
train;1;6;5;35;27.62857142857143;27.0;967
train;1;6;6;35;127.11428571428571;119.0;4449
train;1;6;7;35;250.94285714285715;246.0;8783
train;1;6;8;35;349.25714285714287;346.0;12224
train;1;6;9;35;563.9714285714285;570.0;19739
train;1;6;10;35;667.7142857142857;666.0;23370
train;1;6;11;35;664.0571428571428;630.0;23242
train;1;6;12;35;793.0571428571428;795.0;27757
train;1;6;13;35;829.9428571428572;812.0;29048
train;1;6;14;35;730.6857142857143;738.0;25574
train;1;6;15;35;668.0857142857143;682.0;23383
train;1;6;16;35;616.7714285714286;619.0;21587
train;1;6;17;35;576.0857142857143;560.0;20163
train;1;6;18;35;533.2285714285714;536.0;18663
train;1;6;19;35;461.14285714285717;449.0;16140
train;1;6;20;35;361.48571428571427;374.0;12652
train;1;6;21;35;274.6857142857143;266.0;9614
train;1;6;22;35;118.94285714285714;125.0;4163
train;1;6;23;35;34.628571428571426;34.0;1212
train;7;0;0;34;76.44117647058823;72.0;2599
train;7;0;1;34;13.676470588235293;13.0;465
train;7;0;2;34;0.0;0.0;0
train;7;0;3;34;0.0;0.0;0
train;7;0;4;34;1.7058823529411764;1.5;58
train;7;0;5;34;204.41176470588235;203.0;6950
train;7;0;6;34;692.1176470588235;710.0;23532
train;7;0;7;34;1472.5294117647059;1540.0;50066
train;7;0;8;34;2140.794117647059;2296.0;72787
train;7;0;9;34;1664.3823529411766;1832.0;56589
train;7;0;10;34;1376.0294117647059;1459.5;46785
train;7;0;11;34;1238.6470588235295;1228.5;42114
train;7;0;12;34;1286.5;1261.5;43741
train;7;0;13;34;1299.8823529411766;1291.0;44196
train;7;0;14;34;1333.2941176470588;1401.0;45332
train;7;0;15;34;1440.6176470588234;1470.0;48981
train;7;0;16;34;1566.4705882352941;1678.5;53260
train;7;0;17;34;2016.3235294117646;2128.5;68555
train;7;0;18;34;2339.0;2494.5;79526
train;7;0;19;34;1568.2058823529412;1601.0;53319
train;7;0;20;34;1018.7647058823529;1023.5;34638
train;7;0;21;34;563.7941176470588;582.5;19169
train;7;0;22;34;294.8235294117647;303.5;10024
train;7;0;23;34;179.64705882352942;190.0;6108
train;7;1;0;34;57.94117647058823;52.5;1970
train;7;1;1;34;14.970588235294118;13.0;509
train;7;1;2;34;0.5882352941176471;0.0;20
train;7;1;3;34;0.29411764705882354;0.0;10
train;7;1;4;34;2.1176470588235294;2.0;72
train;7;1;5;34;206.8235294117647;213.5;7032
train;7;1;6;34;707.9117647058823;720.0;24069
train;7;1;7;34;1490.0588235294117;1526.0;50662
train;7;1;8;34;2203.5;2404.5;74919
train;7;1;9;34;1684.1176470588234;1793.0;57260
train;7;1;10;34;1461.5;1571.0;49691
train;7;1;11;34;1306.8823529411766;1428.0;44434
train;7;1;12;34;1354.4117647058824;1417.0;46050
train;7;1;13;34;1360.1764705882354;1465.5;46246
train;7;1;14;34;1375.9411764705883;1488.0;46782
train;7;1;15;34;1510.0588235294117;1581.0;51342
train;7;1;16;34;1573.9411764705883;1655.5;53514
train;7;1;17;34;2045.6176470588234;2126.0;69551
train;7;1;18;34;2356.0882352941176;2526.0;80107
train;7;1;19;34;1669.9117647058824;1803.0;56777
train;7;1;20;34;1041.2941176470588;1073.5;35404
train;7;1;21;34;623.0294117647059;650.5;21183
train;7;1;22;34;323.2352941176471;334.5;10990
train;7;1;23;34;179.52941176470588;176.0;6104
train;7;2;0;35;58.68571428571428;57.0;2054
train;7;2;1;35;12.942857142857143;14.0;453
train;7;2;2;35;0.08571428571428572;0.0;3
train;7;2;3;35;0.0;0.0;0
train;7;2;4;35;2.2;2.0;77
train;7;2;5;35;200.88571428571427;207.0;7031
train;7;2;6;35;687.6571428571428;726.0;24068
train;7;2;7;35;1459.6;1581.0;51086
train;7;2;8;35;2227.8285714285716;2542.0;77974
train;7;2;9;35;1720.6285714285714;1929.0;60222
train;7;2;10;35;1459.4571428571428;1561.0;51081
train;7;2;11;35;1307.2285714285715;1400.0;45753
train;7;2;12;35;1345.2;1386.0;47082
train;7;2;13;35;1376.4857142857143;1455.0;48177
train;7;2;14;35;1408.5428571428572;1414.0;49299
train;7;2;15;35;1554.6857142857143;1709.0;54414
train;7;2;16;35;1618.5142857142857;1644.0;56648
train;7;2;17;35;2102.9714285714285;2203.0;73604
train;7;2;18;35;2309.2285714285713;2504.0;80823
train;7;2;19;35;1612.8285714285714;1634.0;56449
train;7;2;20;35;1055.8;1084.0;36953
train;7;2;21;35;631.8285714285714;648.0;22114
train;7;2;22;35;354.42857142857144;352.0;12405
train;7;2;23;35;199.82857142857142;212.0;6994
train;7;3;0;35;71.11428571428571;67.0;2489
train;7;3;1;35;16.02857142857143;17.0;561
train;7;3;2;35;0.11428571428571428;0.0;4
train;7;3;3;35;0.0;0.0;0
train;7;3;4;35;2.257142857142857;1.0;79
train;7;3;5;35;192.71428571428572;205.0;6745
train;7;3;6;35;683.4285714285714;696.0;23920
train;7;3;7;35;1405.3142857142857;1444.0;49186
train;7;3;8;35;2105.8571428571427;2329.0;73705
train;7;3;9;35;1623.942857142857;1808.0;56838
train;7;3;10;35;1362.8857142857144;1551.0;47701
train;7;3;11;35;1281.6285714285714;1312.0;44857
train;7;3;12;35;1334.7714285714285;1392.0;46717
train;7;3;13;35;1355.5714285714287;1474.0;47445
train;7;3;14;35;1388.5142857142857;1487.0;48598
train;7;3;15;35;1437.6571428571428;1526.0;50318
train;7;3;16;35;1589.4285714285713;1721.0;55630
train;7;3;17;35;1978.8285714285714;2141.0;69259
train;7;3;18;35;2326.4857142857145;2675.0;81427
train;7;3;19;35;1596.4;1662.0;55874
train;7;3;20;35;1022.8571428571429;1075.0;35800
train;7;3;21;35;640.0857142857143;657.0;22403
train;7;3;22;35;341.74285714285713;327.0;11961
train;7;3;23;35;196.68571428571428;186.0;6884
train;7;4;0;35;70.02857142857142;69.0;2451
train;7;4;1;35;13.857142857142858;13.0;485
train;7;4;2;35;0.05714285714285714;0.0;2
train;7;4;3;35;0.0;0.0;0
train;7;4;4;35;1.6;1.0;56
train;7;4;5;35;186.57142857142858;201.0;6530
train;7;4;6;35;612.7428571428571;594.0;21446
train;7;4;7;35;1368.2571428571428;1500.0;47889
train;7;4;8;35;1949.3142857142857;2303.0;68226
train;7;4;9;35;1549.2857142857142;1761.0;54225
train;7;4;10;35;1318.4571428571428;1427.0;46146
train;7;4;11;35;1322.0857142857142;1400.0;46273
train;7;4;12;35;1389.2571428571428;1440.0;48624
train;7;4;13;35;1468.5714285714287;1611.0;51400
train;7;4;14;35;1503.7428571428572;1574.0;52631
train;7;4;15;35;1561.7428571428572;1566.0;54661
train;7;4;16;35;1765.4;1984.0;61789
train;7;4;17;35;1937.942857142857;2131.0;67828
train;7;4;18;35;1809.3142857142857;2011.0;63326
train;7;4;19;35;1423.1142857142856;1483.0;49809
train;7;4;20;35;971.0857142857143;976.0;33988
train;7;4;21;35;621.9714285714285;611.0;21769
train;7;4;22;35;366.22857142857146;363.0;12818
train;7;4;23;35;224.2;217.0;7847
train;7;5;0;35;96.54285714285714;96.0;3379
train;7;5;1;35;23.742857142857144;24.0;831
train;7;5;2;35;0.2;0.0;7
train;7;5;3;35;0.0;0.0;0
train;7;5;4;35;0.8571428571428571;1.0;30
train;7;5;5;35;59.22857142857143;57.0;2073
train;7;5;6;35;299.0285714285714;278.0;10466
train;7;5;7;35;468.8857142857143;467.0;16411
train;7;5;8;35;716.5142857142857;699.0;25078
train;7;5;9;35;803.9142857142857;875.0;28137
train;7;5;10;35;874.7142857142857;907.0;30615
train;7;5;11;35;1022.6285714285714;1074.0;35792
train;7;5;12;35;1121.4571428571428;1181.0;39251
train;7;5;13;35;1171.6285714285714;1231.0;41007
train;7;5;14;35;1215.1142857142856;1239.0;42529
train;7;5;15;35;1124.6857142857143;1235.0;39364
train;7;5;16;35;1077.4285714285713;1150.0;37710
train;7;5;17;35;1046.6;1105.0;36631
train;7;5;18;35;1026.857142857143;1100.0;35940
train;7;5;19;35;1016.9714285714285;1084.0;35594
train;7;5;20;35;759.6571428571428;804.0;26588
train;7;5;21;35;623.2857142857143;646.0;21815
train;7;5;22;35;336.9428571428571;349.0;11793
train;7;5;23;35;213.68571428571428;224.0;7479
train;7;6;0;35;108.4;103.0;3794
train;7;6;1;35;19.714285714285715;19.0;690
train;7;6;2;35;1.0571428571428572;0.0;37
train;7;6;3;35;2.2285714285714286;0.0;78
train;7;6;4;35;0.9714285714285714;0.0;34
train;7;6;5;35;42.285714285714285;41.0;1480
train;7;6;6;35;204.37142857142857;195.0;7153
train;7;6;7;35;316.8857142857143;320.0;11091
train;7;6;8;35;516.4857142857143;537.0;18077
train;7;6;9;35;625.9428571428572;654.0;21908
train;7;6;10;35;698.0285714285715;740.0;24431
train;7;6;11;35;874.4285714285714;947.0;30605
train;7;6;12;35;954.5142857142857;1023.0;33408
train;7;6;13;35;1004.6571428571428;1104.0;35163
train;7;6;14;35;1076.8285714285714;1123.0;37689
train;7;6;15;35;1031.0;1091.0;36085
train;7;6;16;35;947.7714285714286;967.0;33172
train;7;6;17;35;1001.3714285714286;1060.0;35048
train;7;6;18;35;904.7714285714286;879.0;31667
train;7;6;19;35;794.3714285714286;781.0;27803
train;7;6;20;35;656.2285714285714;667.0;22968
train;7;6;21;35;525.3714285714286;519.0;18388
train;7;6;22;35;304.42857142857144;305.0;10655
train;7;6;23;35;179.74285714285713;174.0;6291
train;11;0;0;34;82.23529411764706;80.5;2796
train;11;0;1;34;7.5588235294117645;6.0;257
train;11;0;2;34;0.058823529411764705;0.0;2
train;11;0;3;34;0.0;0.0;0
train;11;0;4;34;2.2941176470588234;0.0;78
train;11;0;5;34;299.0882352941176;306.5;10169
train;11;0;6;34;1316.2941176470588;1327.5;44754
train;11;0;7;34;2145.235294117647;2265.5;72938
train;11;0;8;34;2829.529411764706;2979.0;96204
train;11;0;9;34;2209.0;2339.5;75106
train;11;0;10;34;1657.9705882352941;1696.5;56371
train;11;0;11;34;1695.8529411764705;1735.0;57659
train;11;0;12;34;1637.735294117647;1644.0;55683
train;11;0;13;34;1750.5882352941176;1830.0;59520
train;11;0;14;34;1736.1176470588234;1787.5;59028
train;11;0;15;34;1856.6176470588234;1863.5;63125
train;11;0;16;34;2086.176470588235;2084.5;70930
train;11;0;17;34;2608.6470588235293;2669.0;88694
train;11;0;18;34;2991.323529411765;3087.0;101705
train;11;0;19;34;2255.676470588235;2320.0;76693
train;11;0;20;34;1555.0;1595.5;52870
train;11;0;21;34;888.8529411764706;889.5;30221
train;11;0;22;34;460.02941176470586;483.0;15641
train;11;0;23;34;228.58823529411765;226.5;7772
train;11;1;0;34;70.05882352941177;66.5;2382
train;11;1;1;34;4.9411764705882355;1.0;168
train;11;1;2;34;0.9411764705882353;0.0;32
train;11;1;3;34;0.5882352941176471;0.0;20
train;11;1;4;34;2.4705882352941178;0.0;84
train;11;1;5;34;290.11764705882354;296.0;9864
train;11;1;6;34;1315.8529411764705;1339.5;44739
train;11;1;7;34;2199.0882352941176;2240.0;74769
train;11;1;8;34;2881.205882352941;3073.0;97961
train;11;1;9;34;2284.176470588235;2386.0;77662
train;11;1;10;34;1736.1470588235295;1798.0;59029
train;11;1;11;34;1709.235294117647;1805.0;58114
train;11;1;12;34;1704.0588235294117;1796.0;57938
train;11;1;13;34;1829.2058823529412;1894.5;62193
train;11;1;14;34;1838.1470588235295;1873.5;62497
train;11;1;15;34;1919.5588235294117;1909.0;65265
train;11;1;16;34;2126.3529411764707;2179.5;72296
train;11;1;17;34;2668.0588235294117;2711.0;90714
train;11;1;18;34;2988.0;3032.5;101592
train;11;1;19;34;2262.0;2336.5;76908
train;11;1;20;34;1543.235294117647;1587.0;52470
train;11;1;21;34;920.2352941176471;898.5;31288
train;11;1;22;34;466.88235294117646;463.5;15874
train;11;1;23;34;246.76470588235293;243.0;8390
train;11;2;0;35;68.94285714285714;65.0;2413
train;11;2;1;35;1.3142857142857143;1.0;46
train;11;2;2;35;0.0;0.0;0
train;11;2;3;35;0.0;0.0;0
train;11;2;4;35;2.342857142857143;0.0;82
train;11;2;5;35;288.74285714285713;301.0;10106
train;11;2;6;35;1265.4285714285713;1321.0;44290
train;11;2;7;35;2138.4285714285716;2287.0;74845
train;11;2;8;35;2861.7428571428572;3083.0;100161
train;11;2;9;35;2193.3142857142857;2247.0;76766
train;11;2;10;35;1743.3714285714286;1764.0;61018
train;11;2;11;35;1746.142857142857;1744.0;61115
train;11;2;12;35;1783.6285714285714;1773.0;62427
train;11;2;13;35;1854.6285714285714;1880.0;64912
train;11;2;14;35;1797.1714285714286;1774.0;62901
train;11;2;15;35;1900.2857142857142;1935.0;66510
train;11;2;16;35;2044.5142857142857;2099.0;71558
train;11;2;17;35;2621.2;2691.0;91742
train;11;2;18;35;2907.942857142857;2985.0;101778
train;11;2;19;35;2247.342857142857;2343.0;78657
train;11;2;20;35;1543.3428571428572;1583.0;54017
train;11;2;21;35;936.0571428571428;938.0;32762
train;11;2;22;35;486.9714285714286;484.0;17044
train;11;2;23;35;259.74285714285713;260.0;9091
train;11;3;0;35;75.22857142857143;73.0;2633
train;11;3;1;35;1.2857142857142858;1.0;45
train;11;3;2;35;0.0;0.0;0
train;11;3;3;35;0.0;0.0;0
train;11;3;4;35;2.4;0.0;84
train;11;3;5;35;298.0285714285714;293.0;10431
train;11;3;6;35;1260.7142857142858;1339.0;44125
train;11;3;7;35;2072.0285714285715;2203.0;72521
train;11;3;8;35;2644.2;2832.0;92547
train;11;3;9;35;2221.6857142857143;2385.0;77759
train;11;3;10;35;1742.0285714285715;1844.0;60971
train;11;3;11;35;1699.6571428571428;1778.0;59488
train;11;3;12;35;1709.4857142857143;1829.0;59832
train;11;3;13;35;1845.0;1932.0;64575
train;11;3;14;35;1805.0857142857142;1795.0;63178
train;11;3;15;35;1900.2;1902.0;66507
train;11;3;16;35;2059.5714285714284;2083.0;72085
train;11;3;17;35;2556.9142857142856;2687.0;89492
train;11;3;18;35;2839.285714285714;2984.0;99375
train;11;3;19;35;2180.457142857143;2285.0;76316
train;11;3;20;35;1492.942857142857;1539.0;52253
train;11;3;21;35;932.8857142857142;968.0;32651
train;11;3;22;35;500.7142857142857;477.0;17525
train;11;3;23;35;270.8857142857143;264.0;9481
train;11;4;0;35;80.85714285714286;82.0;2830
train;11;4;1;35;3.1142857142857143;1.0;109
train;11;4;2;35;0.0;0.0;0
train;11;4;3;35;0.0;0.0;0
train;11;4;4;35;2.7142857142857144;1.0;95
train;11;4;5;35;288.14285714285717;296.0;10085
train;11;4;6;35;1230.2;1327.0;43057
train;11;4;7;35;1961.9142857142858;2157.0;68667
train;11;4;8;35;2550.8285714285716;2773.0;89279
train;11;4;9;35;2101.1714285714284;2162.0;73541
train;11;4;10;35;1697.5428571428572;1686.0;59414
train;11;4;11;35;1708.1142857142856;1707.0;59784
train;11;4;12;35;1756.4857142857143;1807.0;61477
train;11;4;13;35;1819.5714285714287;1890.0;63685
train;11;4;14;35;1874.8857142857144;1854.0;65621
train;11;4;15;35;2019.8857142857144;1996.0;70696
train;11;4;16;35;2241.4;2286.0;78449
train;11;4;17;35;2611.057142857143;2749.0;91387
train;11;4;18;35;2386.4285714285716;2523.0;83525
train;11;4;19;35;2017.3428571428572;2108.0;70607
train;11;4;20;35;1455.2285714285715;1481.0;50933
train;11;4;21;35;937.4;950.0;32809
train;11;4;22;35;509.77142857142854;502.0;17842
train;11;4;23;35;298.57142857142856;294.0;10450
train;11;5;0;35;102.28571428571429;101.0;3580
train;11;5;1;35;4.171428571428572;2.0;146
train;11;5;2;35;0.0;0.0;0
train;11;5;3;35;0.0;0.0;0
train;11;5;4;35;4.085714285714285;5.0;143
train;11;5;5;35;213.0;204.0;7455
train;11;5;6;35;759.9714285714285;804.0;26599
train;11;5;7;35;676.4;684.0;23674
train;11;5;8;35;902.6285714285714;887.0;31592
train;11;5;9;35;1079.942857142857;1036.0;37798
train;11;5;10;35;1158.7714285714285;1194.0;40557
train;11;5;11;35;1540.2;1556.0;53907
train;11;5;12;35;1680.2571428571428;1741.0;58809
train;11;5;13;35;1593.0857142857142;1606.0;55758
train;11;5;14;35;1608.3714285714286;1606.0;56293
train;11;5;15;35;1641.142857142857;1660.0;57440
train;11;5;16;35;1669.0857142857142;1696.0;58418
train;11;5;17;35;1687.5428571428572;1726.0;59064
train;11;5;18;35;1499.8285714285714;1500.0;52494
train;11;5;19;35;1424.2571428571428;1448.0;49849
train;11;5;20;35;1153.3428571428572;1167.0;40367
train;11;5;21;35;805.9428571428572;813.0;28208
train;11;5;22;35;464.9714285714286;450.0;16274
train;11;5;23;35;322.22857142857146;317.0;11278
train;11;6;0;35;110.62857142857143;106.0;3872
train;11;6;1;35;15.857142857142858;12.0;555
train;11;6;2;35;1.1714285714285715;0.0;41
train;11;6;3;35;1.8285714285714285;0.0;64
train;11;6;4;35;3.2;3.0;112
train;11;6;5;35;128.4857142857143;122.0;4497
train;11;6;6;35;511.2;523.0;17892
train;11;6;7;35;517.7714285714286;523.0;18122
train;11;6;8;35;659.0;666.0;23065
train;11;6;9;35;891.0285714285715;906.0;31186
train;11;6;10;35;1010.0;1019.0;35350
train;11;6;11;35;1383.0285714285715;1372.0;48406
train;11;6;12;35;1518.1142857142856;1560.0;53134
train;11;6;13;35;1432.4;1398.0;50134
train;11;6;14;35;1493.5428571428572;1464.0;52274
train;11;6;15;35;1569.2;1590.0;54922
train;11;6;16;35;1520.6857142857143;1525.0;53224
train;11;6;17;35;1591.8;1589.0;55713
train;11;6;18;35;1355.6;1328.0;47446
train;11;6;19;35;1156.5428571428572;1190.0;40479
train;11;6;20;35;976.8;918.0;34188
train;11;6;21;35;706.3428571428572;694.0;24722
train;11;6;22;35;410.0857142857143;388.0;14353
train;11;6;23;35;257.85714285714283;248.0;9025
train;12;0;0;34;72.05882352941177;71.5;2450
train;12;0;1;34;4.0588235294117645;4.0;138
train;12;0;2;34;0.0;0.0;0
train;12;0;3;34;0.0;0.0;0
train;12;0;4;34;6.794117647058823;6.0;231
train;12;0;5;34;357.44117647058823;358.0;12153
train;12;0;6;34;1362.0;1375.5;46308
train;12;0;7;34;2437.294117647059;2419.0;82868
train;12;0;8;34;3181.705882352941;3223.0;108178
train;12;0;9;34;2292.764705882353;2283.0;77954
train;12;0;10;34;1885.4411764705883;1910.0;64105
train;12;0;11;34;1810.1764705882354;1837.5;61546
train;12;0;12;34;1885.5882352941176;1964.5;64110
train;12;0;13;34;1829.3529411764705;1920.5;62198
train;12;0;14;34;1772.4117647058824;1854.0;60262
train;12;0;15;34;2023.6470588235295;2078.0;68804
train;12;0;16;34;2449.0882352941176;2579.0;83269
train;12;0;17;34;2742.735294117647;2829.0;93253
train;12;0;18;34;2996.735294117647;3127.5;101889
train;12;0;19;34;2407.0;2430.0;81838
train;12;0;20;34;1538.6470588235295;1544.5;52314
train;12;0;21;34;910.9705882352941;901.5;30973
train;12;0;22;34;490.61764705882354;484.5;16681
train;12;0;23;34;247.91176470588235;255.5;8429
train;12;1;0;34;52.88235294117647;52.0;1798
train;12;1;1;34;2.2058823529411766;2.0;75
train;12;1;2;34;0.029411764705882353;0.0;1
train;12;1;3;34;0.0;0.0;0
train;12;1;4;34;7.882352941176471;6.5;268
train;12;1;5;34;362.55882352941177;366.0;12327
train;12;1;6;34;1415.3235294117646;1437.0;48121
train;12;1;7;34;2555.264705882353;2667.5;86879
train;12;1;8;34;3347.735294117647;3446.5;113823
train;12;1;9;34;2396.529411764706;2477.5;81482
train;12;1;10;34;1997.9117647058824;2057.0;67929
train;12;1;11;34;1923.0882352941176;2037.5;65385
train;12;1;12;34;1921.0588235294117;2001.0;65316
train;12;1;13;34;1899.5;2031.0;64583
train;12;1;14;34;1887.8235294117646;1909.0;64186
train;12;1;15;34;2072.5588235294117;2189.0;70467
train;12;1;16;34;2585.764705882353;2717.0;87916
train;12;1;17;34;2885.176470588235;2999.0;98096
train;12;1;18;34;3057.205882352941;3196.0;103945
train;12;1;19;34;2529.1470588235293;2568.0;85991
train;12;1;20;34;1565.9411764705883;1581.0;53242
train;12;1;21;34;947.6176470588235;948.0;32219
train;12;1;22;34;537.8823529411765;552.0;18288
train;12;1;23;34;253.0;254.5;8602
train;12;2;0;35;58.51428571428571;57.0;2048
train;12;2;1;35;2.742857142857143;2.0;96
train;12;2;2;35;0.0;0.0;0
train;12;2;3;35;0.0;0.0;0
train;12;2;4;35;8.028571428571428;8.0;281
train;12;2;5;35;346.2857142857143;363.0;12120
train;12;2;6;35;1370.057142857143;1445.0;47952
train;12;2;7;35;2432.114285714286;2566.0;85124
train;12;2;8;35;3090.2285714285713;3211.0;108158
train;12;2;9;35;2310.7714285714287;2443.0;80877
train;12;2;10;35;1951.4285714285713;2045.0;68300
train;12;2;11;35;1917.057142857143;1935.0;67097
train;12;2;12;35;1912.5714285714287;2022.0;66940
train;12;2;13;35;1912.6857142857143;1968.0;66944
train;12;2;14;35;1891.2857142857142;2010.0;66195
train;12;2;15;35;2095.9142857142856;2241.0;73357
train;12;2;16;35;2525.457142857143;2715.0;88391
train;12;2;17;35;2811.6;2906.0;98406
train;12;2;18;35;2997.9142857142856;3114.0;104927
train;12;2;19;35;2394.342857142857;2495.0;83802
train;12;2;20;35;1560.2571428571428;1578.0;54609
train;12;2;21;35;978.2285714285714;1034.0;34238
train;12;2;22;35;536.7428571428571;544.0;18786
train;12;2;23;35;263.14285714285717;262.0;9210
train;12;3;0;35;57.142857142857146;56.0;2000
train;12;3;1;35;2.6285714285714286;2.0;92
train;12;3;2;35;0.0;0.0;0
train;12;3;3;35;0.0;0.0;0
train;12;3;4;35;7.285714285714286;6.0;255
train;12;3;5;35;337.54285714285714;354.0;11814
train;12;3;6;35;1292.1142857142856;1376.0;45224
train;12;3;7;35;2322.7428571428572;2545.0;81296
train;12;3;8;35;2972.942857142857;3312.0;104053
train;12;3;9;35;2165.285714285714;2318.0;75785
train;12;3;10;35;1851.3428571428572;1920.0;64797
train;12;3;11;35;1841.5142857142857;1924.0;64453
train;12;3;12;35;1889.3714285714286;1988.0;66128
train;12;3;13;35;1840.857142857143;1924.0;64430
train;12;3;14;35;1818.4;1941.0;63644
train;12;3;15;35;1986.8857142857144;2107.0;69541
train;12;3;16;35;2437.7714285714287;2555.0;85322
train;12;3;17;35;2699.4857142857145;2944.0;94482
train;12;3;18;35;2891.5142857142855;3120.0;101203
train;12;3;19;35;2342.5714285714284;2512.0;81990
train;12;3;20;35;1532.057142857143;1646.0;53622
train;12;3;21;35;944.2285714285714;970.0;33048
train;12;3;22;35;538.4857142857143;523.0;18847
train;12;3;23;35;276.54285714285714;279.0;9679
train;12;4;0;35;65.37142857142857;66.0;2288
train;12;4;1;35;3.057142857142857;3.0;107
train;12;4;2;35;0.0;0.0;0
train;12;4;3;35;0.0;0.0;0
train;12;4;4;35;6.428571428571429;6.0;225
train;12;4;5;35;332.4;329.0;11634
train;12;4;6;35;1282.057142857143;1393.0;44872
train;12;4;7;35;2270.6285714285714;2356.0;79472
train;12;4;8;35;2941.885714285714;3322.0;102966
train;12;4;9;35;2110.8285714285716;2204.0;73879
train;12;4;10;35;1821.6571428571428;1918.0;63758
train;12;4;11;35;1874.5142857142857;1949.0;65608
train;12;4;12;35;1856.8;1846.0;64988
train;12;4;13;35;1833.942857142857;1895.0;64188
train;12;4;14;35;1887.9142857142858;1881.0;66077
train;12;4;15;35;2197.4;2274.0;76909
train;12;4;16;35;2691.3142857142857;2846.0;94196
train;12;4;17;35;2673.457142857143;2972.0;93571
train;12;4;18;35;2410.657142857143;2538.0;84373
train;12;4;19;35;2098.8571428571427;2283.0;73460
train;12;4;20;35;1453.0285714285715;1510.0;50856
train;12;4;21;35;983.5714285714286;1012.0;34425
train;12;4;22;35;559.5428571428571;570.0;19584
train;12;4;23;35;302.9714285714286;305.0;10604
train;12;5;0;35;87.08571428571429;89.0;3048
train;12;5;1;35;4.6;4.0;161
train;12;5;2;35;0.14285714285714285;0.0;5
train;12;5;3;35;0.2;0.0;7
train;12;5;4;35;4.257142857142857;4.0;149
train;12;5;5;35;267.48571428571427;289.0;9362
train;12;5;6;35;827.4285714285714;842.0;28960
train;12;5;7;35;862.3142857142857;855.0;30181
train;12;5;8;35;920.1142857142858;904.0;32204
train;12;5;9;35;1064.4285714285713;1051.0;37255
train;12;5;10;35;1283.8;1284.0;44933
train;12;5;11;35;1385.3714285714286;1344.0;48488
train;12;5;12;35;1344.7142857142858;1347.0;47065
train;12;5;13;35;1585.6285714285714;1523.0;55497
train;12;5;14;35;1484.942857142857;1539.0;51973
train;12;5;15;35;1376.4571428571428;1326.0;48176
train;12;5;16;35;1426.4285714285713;1447.0;49925
train;12;5;17;35;1384.857142857143;1344.0;48470
train;12;5;18;35;1345.5142857142857;1344.0;47093
train;12;5;19;35;1366.6285714285714;1409.0;47832
train;12;5;20;35;989.3428571428572;1046.0;34627
train;12;5;21;35;683.2571428571429;678.0;23914
train;12;5;22;35;437.4;445.0;15309
train;12;5;23;35;275.37142857142857;277.0;9638
train;12;6;0;35;89.65714285714286;97.0;3138
train;12;6;1;35;7.314285714285714;7.0;256
train;12;6;2;35;0.0;0.0;0
train;12;6;3;35;0.0;0.0;0
train;12;6;4;35;2.6857142857142855;2.0;94
train;12;6;5;35;175.62857142857143;185.0;6147
train;12;6;6;35;534.3142857142857;540.0;18701
train;12;6;7;35;604.7428571428571;627.0;21166
train;12;6;8;35;716.6;729.0;25081
train;12;6;9;35;891.1428571428571;870.0;31190
train;12;6;10;35;1094.4571428571428;1069.0;38306
train;12;6;11;35;1213.5714285714287;1254.0;42475
train;12;6;12;35;1263.0857142857142;1283.0;44208
train;12;6;13;35;1458.2;1519.0;51037
train;12;6;14;35;1402.6;1401.0;49091
train;12;6;15;35;1268.057142857143;1262.0;44382
train;12;6;16;35;1384.4857142857143;1399.0;48457
train;12;6;17;35;1459.5142857142857;1429.0;51083
train;12;6;18;35;1218.142857142857;1196.0;42635
train;12;6;19;35;998.6285714285714;1030.0;34952
train;12;6;20;35;772.9428571428572;763.0;27053
train;12;6;21;35;608.8571428571429;605.0;21310
train;12;6;22;35;403.0;394.0;14105
train;12;6;23;35;228.42857142857142;217.0;7995
train;17;0;0;34;106.91176470588235;112.0;3635
train;17;0;1;34;12.617647058823529;13.0;429
train;17;0;2;34;0.0;0.0;0
train;17;0;3;34;0.0;0.0;0
train;17;0;4;34;23.470588235294116;25.0;798
train;17;0;5;34;294.47058823529414;300.5;10012
train;17;0;6;34;1393.264705882353;1429.5;47371
train;17;0;7;34;3577.6176470588234;3724.0;121639
train;17;0;8;34;4791.117647058823;5082.0;162898
train;17;0;9;34;3440.823529411765;3554.5;116988
train;17;0;10;34;2670.6176470588234;2720.5;90801
train;17;0;11;34;2650.029411764706;2737.5;90101
train;17;0;12;34;2709.205882352941;2746.0;92113
train;17;0;13;34;2764.5588235294117;2819.0;93995
train;17;0;14;34;2751.0;2819.5;93534
train;17;0;15;34;2895.5;3034.0;98447
train;17;0;16;34;3259.264705882353;3397.5;110815
train;17;0;17;34;4128.588235294118;4256.5;140372
train;17;0;18;34;4762.176470588235;4808.5;161914
train;17;0;19;34;3377.5588235294117;3432.0;114837
train;17;0;20;34;2315.264705882353;2311.5;78719
train;17;0;21;34;1442.9705882352941;1406.5;49061
train;17;0;22;34;826.4411764705883;790.0;28099
train;17;0;23;34;347.5882352941176;328.0;11818
train;17;1;0;34;126.38235294117646;112.0;4297
train;17;1;1;34;11.647058823529411;9.0;396
train;17;1;2;34;1.5294117647058822;0.0;52
train;17;1;3;34;0.5294117647058824;0.0;18
train;17;1;4;34;25.676470588235293;26.0;873
train;17;1;5;34;300.05882352941177;302.0;10202
train;17;1;6;34;1429.3529411764705;1469.5;48598
train;17;1;7;34;3666.470588235294;3838.5;124660
train;17;1;8;34;4897.294117647059;5159.5;166508
train;17;1;9;34;3577.676470588235;3728.5;121641
train;17;1;10;34;2785.823529411765;2866.5;94718
train;17;1;11;34;2696.0588235294117;2719.5;91666
train;17;1;12;34;2746.8823529411766;2796.0;93394
train;17;1;13;34;2769.5588235294117;2795.5;94165
train;17;1;14;34;2827.0588235294117;2877.5;96120
train;17;1;15;34;2925.176470588235;3065.5;99456
train;17;1;16;34;3330.5588235294117;3452.0;113239
train;17;1;17;34;4194.294117647059;4328.5;142606
train;17;1;18;34;4759.411764705882;4857.0;161820
train;17;1;19;34;3453.1470588235293;3481.0;117407
train;17;1;20;34;2405.294117647059;2390.5;81780
train;17;1;21;34;1518.1764705882354;1506.5;51618
train;17;1;22;34;869.5882352941177;844.5;29566
train;17;1;23;34;371.8529411764706;360.5;12643
train;17;2;0;35;131.25714285714287;132.0;4594
train;17;2;1;35;12.457142857142857;11.0;436
train;17;2;2;35;0.0;0.0;0
train;17;2;3;35;0.0;0.0;0
train;17;2;4;35;26.285714285714285;27.0;920
train;17;2;5;35;296.0285714285714;312.0;10361
train;17;2;6;35;1387.6285714285714;1445.0;48567
train;17;2;7;35;3501.5142857142855;3648.0;122553
train;17;2;8;35;4686.457142857143;4964.0;164026
train;17;2;9;35;3458.5142857142855;3574.0;121048
train;17;2;10;35;2736.4;2816.0;95774
train;17;2;11;35;2682.3142857142857;2808.0;93881
train;17;2;12;35;2735.285714285714;2901.0;95735
train;17;2;13;35;2827.0857142857144;2939.0;98948
train;17;2;14;35;2840.0;2980.0;99400
train;17;2;15;35;2939.057142857143;3093.0;102867
train;17;2;16;35;3260.6;3411.0;114121
train;17;2;17;35;3973.0;4172.0;139055
train;17;2;18;35;4486.828571428571;4759.0;157039
train;17;2;19;35;3275.1714285714284;3423.0;114631
train;17;2;20;35;2305.6;2343.0;80696
train;17;2;21;35;1527.5714285714287;1524.0;53465
train;17;2;22;35;901.1142857142858;878.0;31539
train;17;2;23;35;408.65714285714284;406.0;14303
train;17;3;0;35;143.25714285714287;137.0;5014
train;17;3;1;35;11.285714285714286;12.0;395
train;17;3;2;35;0.0;0.0;0
train;17;3;3;35;0.0;0.0;0
train;17;3;4;35;23.6;26.0;826
train;17;3;5;35;289.0;306.0;10115
train;17;3;6;35;1342.857142857143;1430.0;47000
train;17;3;7;35;3341.7714285714287;3538.0;116962
train;17;3;8;35;4487.2;4963.0;157052
train;17;3;9;35;3339.714285714286;3625.0;116890
train;17;3;10;35;2680.8;2795.0;93828
train;17;3;11;35;2648.4285714285716;2763.0;92695
train;17;3;12;35;2754.5142857142855;2865.0;96408
train;17;3;13;35;2812.8571428571427;2935.0;98450
train;17;3;14;35;2837.6;2913.0;99316
train;17;3;15;35;2929.7714285714287;3034.0;102542
train;17;3;16;35;3319.8285714285716;3454.0;116194
train;17;3;17;35;4001.285714285714;4250.0;140045
train;17;3;18;35;4532.2;4737.0;158627
train;17;3;19;35;3334.8;3438.0;116718
train;17;3;20;35;2375.9142857142856;2408.0;83157
train;17;3;21;35;1576.8285714285714;1573.0;55189
train;17;3;22;35;948.6;896.0;33201
train;17;3;23;35;428.9142857142857;418.0;15012
train;17;4;0;35;156.45714285714286;148.0;5476
train;17;4;1;35;16.17142857142857;16.0;566
train;17;4;2;35;0.0;0.0;0
train;17;4;3;35;0.0;0.0;0
train;17;4;4;35;22.514285714285716;25.0;788
train;17;4;5;35;284.65714285714284;296.0;9963
train;17;4;6;35;1299.8857142857144;1384.0;45496
train;17;4;7;35;3266.6285714285714;3510.0;114332
train;17;4;8;35;4349.714285714285;4729.0;152240
train;17;4;9;35;3251.285714285714;3571.0;113795
train;17;4;10;35;2636.4857142857145;2795.0;92277
train;17;4;11;35;2679.942857142857;2794.0;93798
train;17;4;12;35;2774.7428571428572;2842.0;97116
train;17;4;13;35;2864.3142857142857;2965.0;100251
train;17;4;14;35;2936.4857142857145;3063.0;102777
train;17;4;15;35;3213.1428571428573;3239.0;112460
train;17;4;16;35;3694.2285714285713;3876.0;129298
train;17;4;17;35;4057.3714285714286;4238.0;142008
train;17;4;18;35;3970.542857142857;4134.0;138969
train;17;4;19;35;2989.6285714285714;3151.0;104637
train;17;4;20;35;2278.6;2324.0;79751
train;17;4;21;35;1578.9142857142858;1595.0;55262
train;17;4;22;35;969.5428571428571;967.0;33934
train;17;4;23;35;470.8285714285714;454.0;16479
train;17;5;0;35;195.5142857142857;194.0;6843
train;17;5;1;35;21.97142857142857;20.0;769
train;17;5;2;35;0.0;0.0;0
train;17;5;3;35;0.0;0.0;0
train;17;5;4;35;4.628571428571429;5.0;162
train;17;5;5;35;114.65714285714286;120.0;4013
train;17;5;6;35;488.54285714285714;504.0;17099
train;17;5;7;35;999.1714285714286;1096.0;34971
train;17;5;8;35;1434.6;1539.0;50211
train;17;5;9;35;1776.3142857142857;1871.0;62171
train;17;5;10;35;1986.1714285714286;2093.0;69516
train;17;5;11;35;2337.4857142857145;2431.0;81812
train;17;5;12;35;2591.3142857142857;2609.0;90696
train;17;5;13;35;2757.6857142857143;2820.0;96519
train;17;5;14;35;2808.5714285714284;2840.0;98300
train;17;5;15;35;2845.8285714285716;2954.0;99604
train;17;5;16;35;2820.0285714285715;2907.0;98701
train;17;5;17;35;2768.4285714285716;2884.0;96895
train;17;5;18;35;2554.2571428571428;2721.0;89399
train;17;5;19;35;2204.6857142857143;2325.0;77164
train;17;5;20;35;1776.6857142857143;1900.0;62184
train;17;5;21;35;1314.0;1411.0;45990
train;17;5;22;35;869.2571428571429;917.0;30424
train;17;5;23;35;437.85714285714283;438.0;15325
train;17;6;0;35;180.88571428571427;183.0;6331
train;17;6;1;35;27.285714285714285;25.0;955
train;17;6;2;35;0.7428571428571429;0.0;26
train;17;6;3;35;0.8857142857142857;0.0;31
train;17;6;4;35;3.4285714285714284;3.0;120
train;17;6;5;35;94.82857142857142;99.0;3319
train;17;6;6;35;381.85714285714283;400.0;13365
train;17;6;7;35;679.8857142857142;733.0;23796
train;17;6;8;35;1072.7142857142858;1149.0;37545
train;17;6;9;35;1436.1714285714286;1516.0;50266
train;17;6;10;35;1656.8285714285714;1750.0;57989
train;17;6;11;35;2049.5714285714284;2134.0;71735
train;17;6;12;35;2365.342857142857;2547.0;82787
train;17;6;13;35;2549.2;2736.0;89222
train;17;6;14;35;2578.3714285714286;2733.0;90243
train;17;6;15;35;2609.714285714286;2799.0;91340
train;17;6;16;35;2567.2571428571428;2696.0;89854
train;17;6;17;35;2471.6;2679.0;86506
train;17;6;18;35;2239.9142857142856;2425.0;78397
train;17;6;19;35;1896.2285714285715;2021.0;66368
train;17;6;20;35;1537.5428571428572;1601.0;53814
train;17;6;21;35;1120.9142857142858;1171.0;39232
train;17;6;22;35;740.1714285714286;763.0;25906
train;17;6;23;35;323.85714285714283;326.0;11335
train;25;0;0;34;11.205882352941176;11.0;381
train;25;0;1;34;0.5294117647058824;0.0;18
train;25;0;2;34;0.0;0.0;0
train;25;0;3;34;0.0;0.0;0
train;25;0;4;34;0.0;0.0;0
train;25;0;5;34;3.264705882352941;3.0;111
train;25;0;6;34;139.41176470588235;142.5;4740
train;25;0;7;34;453.6764705882353;462.0;15425
train;25;0;8;34;738.8235294117648;771.0;25120
train;25;0;9;34;391.5882352941176;383.5;13314
train;25;0;10;34;291.0;289.0;9894
train;25;0;11;34;311.1764705882353;299.0;10580
train;25;0;12;34;327.3235294117647;336.0;11129
train;25;0;13;34;406.3529411764706;409.0;13816
train;25;0;14;34;350.38235294117646;334.5;11913
train;25;0;15;34;416.2352941176471;434.5;14152
train;25;0;16;34;531.5294117647059;564.0;18072
train;25;0;17;34;589.7058823529412;603.5;20050
train;25;0;18;34;673.8235294117648;691.0;22910
train;25;0;19;34;411.2647058823529;401.5;13983
train;25;0;20;34;283.11764705882354;282.5;9626
train;25;0;21;34;194.2941176470588;185.5;6606
train;25;0;22;34;101.47058823529412;102.0;3450
train;25;0;23;34;11.705882352941176;6.0;398
train;25;1;0;34;2.0294117647058822;0.0;69
train;25;1;1;34;0.20588235294117646;0.0;7
train;25;1;2;34;0.0;0.0;0
train;25;1;3;34;0.0;0.0;0
train;25;1;4;34;0.0;0.0;0
train;25;1;5;34;3.8529411764705883;3.0;131
train;25;1;6;34;142.7058823529412;146.5;4852
train;25;1;7;34;473.6764705882353;481.5;16105
train;25;1;8;34;723.2941176470588;761.0;24592
train;25;1;9;34;429.61764705882354;443.5;14607
train;25;1;10;34;326.6764705882353;317.5;11107
train;25;1;11;34;358.47058823529414;372.0;12188
train;25;1;12;34;344.3529411764706;337.0;11708
train;25;1;13;34;390.3529411764706;392.0;13272
train;25;1;14;34;373.29411764705884;358.5;12692
train;25;1;15;34;456.20588235294116;439.5;15511
train;25;1;16;34;534.4411764705883;552.0;18171
train;25;1;17;34;576.3235294117648;581.5;19595
train;25;1;18;34;672.5294117647059;686.0;22866
train;25;1;19;34;460.70588235294116;451.5;15664
train;25;1;20;34;303.44117647058823;292.5;10317
train;25;1;21;34;194.58823529411765;191.5;6616
train;25;1;22;34;114.55882352941177;113.0;3895
train;25;1;23;34;12.411764705882353;7.0;422
train;25;2;0;35;2.742857142857143;0.0;96
train;25;2;1;35;0.11428571428571428;0.0;4
train;25;2;2;35;0.0;0.0;0
train;25;2;3;35;0.0;0.0;0
train;25;2;4;35;0.0;0.0;0
train;25;2;5;35;3.742857142857143;3.0;131
train;25;2;6;35;145.57142857142858;140.0;5095
train;25;2;7;35;452.9142857142857;447.0;15852
train;25;2;8;35;746.9428571428572;775.0;26143
train;25;2;9;35;407.1714285714286;387.0;14251
train;25;2;10;35;320.8;303.0;11228
train;25;2;11;35;348.9142857142857;354.0;12212
train;25;2;12;35;364.54285714285714;357.0;12759
train;25;2;13;35;431.57142857142856;443.0;15105
train;25;2;14;35;392.2857142857143;381.0;13730
train;25;2;15;35;456.0285714285714;424.0;15961
train;25;2;16;35;538.3142857142857;569.0;18841
train;25;2;17;35;614.4285714285714;644.0;21505
train;25;2;18;35;681.0285714285715;709.0;23836
train;25;2;19;35;440.77142857142854;442.0;15427
train;25;2;20;35;324.7142857142857;315.0;11365
train;25;2;21;35;217.9142857142857;203.0;7627
train;25;2;22;35;123.42857142857143;116.0;4320
train;25;2;23;35;10.971428571428572;6.0;384
train;25;3;0;35;2.942857142857143;0.0;103
train;25;3;1;35;0.17142857142857143;0.0;6
train;25;3;2;35;0.0;0.0;0
train;25;3;3;35;0.0;0.0;0
train;25;3;4;35;0.11428571428571428;0.0;4
train;25;3;5;35;4.285714285714286;3.0;150
train;25;3;6;35;130.4857142857143;133.0;4567
train;25;3;7;35;420.37142857142857;460.0;14713
train;25;3;8;35;715.0857142857143;779.0;25028
train;25;3;9;35;391.0;406.0;13685
train;25;3;10;35;317.1714285714286;333.0;11101
train;25;3;11;35;326.2;325.0;11417
train;25;3;12;35;342.9428571428571;359.0;12003
train;25;3;13;35;384.8;389.0;13468
train;25;3;14;35;386.25714285714287;386.0;13519
train;25;3;15;35;445.42857142857144;437.0;15590
train;25;3;16;35;533.7714285714286;552.0;18682
train;25;3;17;35;605.9428571428572;634.0;21208
train;25;3;18;35;662.2571428571429;680.0;23179
train;25;3;19;35;437.14285714285717;449.0;15300
train;25;3;20;35;306.6;309.0;10731
train;25;3;21;35;216.65714285714284;205.0;7583
train;25;3;22;35;130.65714285714284;134.0;4573
train;25;3;23;35;15.457142857142857;9.0;541
train;25;4;0;35;3.6285714285714286;0.0;127
train;25;4;1;35;0.4857142857142857;0.0;17
train;25;4;2;35;0.0;0.0;0
train;25;4;3;35;0.0;0.0;0
train;25;4;4;35;0.02857142857142857;0.0;1
train;25;4;5;35;3.6857142857142855;2.0;129
train;25;4;6;35;134.6;140.0;4711
train;25;4;7;35;417.3142857142857;450.0;14606
train;25;4;8;35;676.3428571428572;725.0;23672
train;25;4;9;35;394.0;401.0;13790
train;25;4;10;35;307.7142857142857;302.0;10770
train;25;4;11;35;336.6;321.0;11781
train;25;4;12;35;354.65714285714284;369.0;12413
train;25;4;13;35;416.9428571428571;390.0;14593
train;25;4;14;35;428.9142857142857;399.0;15012
train;25;4;15;35;502.62857142857143;478.0;17592
train;25;4;16;35;580.8285714285714;581.0;20329
train;25;4;17;35;609.0857142857143;663.0;21318
train;25;4;18;35;524.7142857142857;510.0;18365
train;25;4;19;35;398.3142857142857;405.0;13941
train;25;4;20;35;294.2;286.0;10297
train;25;4;21;35;217.11428571428573;206.0;7599
train;25;4;22;35;137.0;136.0;4795
train;25;4;23;35;17.8;7.0;623
train;25;5;0;35;2.742857142857143;0.0;96
train;25;5;1;35;0.34285714285714286;0.0;12
train;25;5;2;35;0.0;0.0;0
train;25;5;3;35;0.0;0.0;0
train;25;5;4;35;0.08571428571428572;0.0;3
train;25;5;5;35;1.1714285714285715;1.0;41
train;25;5;6;35;50.48571428571429;44.0;1767
train;25;5;7;35;123.85714285714286;116.0;4335
train;25;5;8;35;248.85714285714286;234.0;8710
train;25;5;9;35;245.11428571428573;228.0;8579
train;25;5;10;35;242.2;238.0;8477
train;25;5;11;35;319.51428571428573;312.0;11183
train;25;5;12;35;339.1714285714286;314.0;11871
train;25;5;13;35;427.9142857142857;445.0;14977
train;25;5;14;35;460.8857142857143;439.0;16131
train;25;5;15;35;533.9428571428572;542.0;18688
train;25;5;16;35;475.8857142857143;446.0;16656
train;25;5;17;35;414.77142857142854;416.0;14517
train;25;5;18;35;416.9714285714286;392.0;14594
train;25;5;19;35;370.0285714285714;366.0;12951
train;25;5;20;35;253.82857142857142;257.0;8884
train;25;5;21;35;223.17142857142858;202.0;7811
train;25;5;22;35;139.4;137.0;4879
train;25;5;23;35;56.628571428571426;57.0;1982
train;25;6;0;35;18.8;18.0;658
train;25;6;1;35;0.6285714285714286;0.0;22
train;25;6;2;35;0.0;0.0;0
train;25;6;3;35;0.0;0.0;0
train;25;6;4;35;0.0;0.0;0
train;25;6;5;35;2.257142857142857;1.0;79
train;25;6;6;35;40.94285714285714;38.0;1433
train;25;6;7;35;92.6;88.0;3241
train;25;6;8;35;170.8;170.0;5978
train;25;6;9;35;184.85714285714286;179.0;6470
train;25;6;10;35;194.9142857142857;190.0;6822
train;25;6;11;35;256.3142857142857;245.0;8971
train;25;6;12;35;301.48571428571427;300.0;10552
train;25;6;13;35;359.6857142857143;342.0;12589
train;25;6;14;35;400.9142857142857;390.0;14032
train;25;6;15;35;464.2857142857143;448.0;16250
train;25;6;16;35;396.1142857142857;383.0;13864
train;25;6;17;35;371.9714285714286;375.0;13019
train;25;6;18;35;371.7142857142857;382.0;13010
train;25;6;19;35;299.48571428571427;291.0;10482
train;25;6;20;35;214.82857142857142;208.0;7519
train;25;6;21;35;187.4857142857143;189.0;6562
train;25;6;22;35;114.6;112.0;4011
train;25;6;23;35;38.94285714285714;40.0;1363
train;26;0;0;34;32.0;31.0;1088
train;26;0;1;34;3.6176470588235294;3.0;123
train;26;0;2;34;0.029411764705882353;0.0;1
train;26;0;3;34;0.20588235294117646;0.0;7
train;26;0;4;34;5.0588235294117645;4.0;172
train;26;0;5;34;76.82352941176471;77.5;2612
train;26;0;6;34;508.4117647058824;499.5;17286
train;26;0;7;34;941.4411764705883;968.5;32009
train;26;0;8;34;1782.0882352941176;1812.5;60591
train;26;0;9;34;1298.6764705882354;1374.0;44155
train;26;0;10;34;1086.2058823529412;1099.0;36931
train;26;0;11;34;951.6764705882352;967.5;32357
train;26;0;12;34;995.0;1016.5;33830
train;26;0;13;34;1041.1470588235295;1081.0;35399
train;26;0;14;34;990.8235294117648;1033.0;33688
train;26;0;15;34;1082.5;1135.5;36805
train;26;0;16;34;1247.264705882353;1270.0;42407
train;26;0;17;34;1454.3529411764705;1497.0;49448
train;26;0;18;34;1686.235294117647;1700.5;57332
train;26;0;19;34;1181.8235294117646;1150.5;40182
train;26;0;20;34;733.8235294117648;741.5;24950
train;26;0;21;34;426.8235294117647;416.5;14512
train;26;0;22;34;229.52941176470588;225.0;7804
train;26;0;23;34;109.17647058823529;104.5;3712
train;26;1;0;34;30.852941176470587;29.0;1049
train;26;1;1;34;2.5;1.0;85
train;26;1;2;34;1.2352941176470589;0.0;42
train;26;1;3;34;3.7941176470588234;0.0;129
train;26;1;4;34;6.382352941176471;4.5;217
train;26;1;5;34;83.97058823529412;82.0;2855
train;26;1;6;34;517.6176470588235;524.5;17599
train;26;1;7;34;993.2647058823529;984.0;33771
train;26;1;8;34;1830.1470588235295;1803.0;62225
train;26;1;9;34;1360.4117647058824;1366.0;46254
train;26;1;10;34;1090.1176470588234;1078.5;37064
train;26;1;11;34;994.4117647058823;1014.0;33810
train;26;1;12;34;1015.7352941176471;1025.5;34535
train;26;1;13;34;1032.0294117647059;1067.5;35089
train;26;1;14;34;1033.5294117647059;1093.5;35140
train;26;1;15;34;1108.764705882353;1147.0;37698
train;26;1;16;34;1275.9117647058824;1324.5;43381
train;26;1;17;34;1488.0294117647059;1516.0;50593
train;26;1;18;34;1685.5588235294117;1698.5;57309
train;26;1;19;34;1207.5;1162.5;41055
train;26;1;20;34;771.0882352941177;756.0;26217
train;26;1;21;34;447.47058823529414;444.5;15214
train;26;1;22;34;239.97058823529412;235.0;8159
train;26;1;23;34;119.67647058823529;114.5;4069
train;26;2;0;35;32.05714285714286;31.0;1122
train;26;2;1;35;2.057142857142857;1.0;72
train;26;2;2;35;0.02857142857142857;0.0;1
train;26;2;3;35;0.02857142857142857;0.0;1
train;26;2;4;35;9.485714285714286;3.0;332
train;26;2;5;35;78.11428571428571;81.0;2734
train;26;2;6;35;485.1142857142857;498.0;16979
train;26;2;7;35;931.7714285714286;907.0;32612
train;26;2;8;35;1719.8;1750.0;60193
train;26;2;9;35;1314.057142857143;1350.0;45992
train;26;2;10;35;1085.0857142857142;1062.0;37978
train;26;2;11;35;978.4285714285714;1010.0;34245
train;26;2;12;35;1017.6;1055.0;35616
train;26;2;13;35;1041.0;1083.0;36435
train;26;2;14;35;1052.5142857142857;1128.0;36838
train;26;2;15;35;1087.0285714285715;1189.0;38046
train;26;2;16;35;1225.057142857143;1268.0;42877
train;26;2;17;35;1431.7428571428572;1498.0;50111
train;26;2;18;35;1611.4857142857143;1521.0;56402
train;26;2;19;35;1156.4285714285713;1153.0;40475
train;26;2;20;35;734.1714285714286;747.0;25696
train;26;2;21;35;463.6;476.0;16226
train;26;2;22;35;253.85714285714286;243.0;8885
train;26;2;23;35;131.25714285714287;119.0;4594
train;26;3;0;35;38.48571428571429;36.0;1347
train;26;3;1;35;2.4571428571428573;2.0;86
train;26;3;2;35;0.0;0.0;0
train;26;3;3;35;0.0;0.0;0
train;26;3;4;35;4.428571428571429;3.0;155
train;26;3;5;35;77.82857142857142;81.0;2724
train;26;3;6;35;488.2857142857143;495.0;17090
train;26;3;7;35;919.4285714285714;933.0;32180
train;26;3;8;35;1667.6571428571428;1769.0;58368
train;26;3;9;35;1249.0285714285715;1291.0;43716
train;26;3;10;35;1040.1714285714286;1078.0;36406
train;26;3;11;35;977.7714285714286;979.0;34222
train;26;3;12;35;991.7714285714286;1019.0;34712
train;26;3;13;35;991.8;1040.0;34713
train;26;3;14;35;1007.0285714285715;1039.0;35246
train;26;3;15;35;1081.0857142857142;1131.0;37838
train;26;3;16;35;1229.4;1266.0;43029
train;26;3;17;35;1419.2857142857142;1503.0;49675
train;26;3;18;35;1627.4857142857143;1675.0;56962
train;26;3;19;35;1155.9142857142858;1180.0;40457
train;26;3;20;35;736.3714285714286;736.0;25773
train;26;3;21;35;465.6857142857143;466.0;16299
train;26;3;22;35;254.2;258.0;8897
train;26;3;23;35;133.94285714285715;138.0;4688
train;26;4;0;35;37.628571428571426;37.0;1317
train;26;4;1;35;2.2857142857142856;2.0;80
train;26;4;2;35;0.02857142857142857;0.0;1
train;26;4;3;35;0.0;0.0;0
train;26;4;4;35;3.8;2.0;133
train;26;4;5;35;75.48571428571428;76.0;2642
train;26;4;6;35;476.4;484.0;16674
train;26;4;7;35;871.1714285714286;868.0;30491
train;26;4;8;35;1580.2285714285715;1674.0;55308
train;26;4;9;35;1205.1714285714286;1293.0;42181
train;26;4;10;35;1000.4285714285714;1030.0;35015
train;26;4;11;35;924.0571428571428;888.0;32342
train;26;4;12;35;993.6;1017.0;34776
train;26;4;13;35;1031.4;1094.0;36099
train;26;4;14;35;1017.1142857142858;1025.0;35599
train;26;4;15;35;1135.057142857143;1232.0;39727
train;26;4;16;35;1363.0285714285715;1478.0;47706
train;26;4;17;35;1420.1714285714286;1532.0;49706
train;26;4;18;35;1224.6857142857143;1251.0;42864
train;26;4;19;35;974.5428571428571;964.0;34109
train;26;4;20;35;684.2857142857143;674.0;23950
train;26;4;21;35;434.2857142857143;420.0;15200
train;26;4;22;35;252.9142857142857;226.0;8852
train;26;4;23;35;153.42857142857142;149.0;5370
train;26;5;0;35;44.31428571428572;45.0;1551
train;26;5;1;35;2.8285714285714287;2.0;99
train;26;5;2;35;0.02857142857142857;0.0;1
train;26;5;3;35;0.0;0.0;0
train;26;5;4;35;2.8285714285714287;2.0;99
train;26;5;5;35;44.68571428571428;43.0;1564
train;26;5;6;35;268.62857142857143;259.0;9402
train;26;5;7;35;346.22857142857146;344.0;12118
train;26;5;8;35;507.57142857142856;457.0;17765
train;26;5;9;35;624.2857142857143;576.0;21850
train;26;5;10;35;719.0857142857143;658.0;25168
train;26;5;11;35;873.6571428571428;801.0;30578
train;26;5;12;35;899.8857142857142;850.0;31496
train;26;5;13;35;910.8857142857142;897.0;31881
train;26;5;14;35;902.3714285714286;891.0;31583
train;26;5;15;35;835.0;860.0;29225
train;26;5;16;35;842.1142857142858;803.0;29474
train;26;5;17;35;819.4285714285714;762.0;28680
train;26;5;18;35;800.9142857142857;797.0;28032
train;26;5;19;35;763.8;742.0;26733
train;26;5;20;35;540.2;532.0;18907
train;26;5;21;35;366.34285714285716;361.0;12822
train;26;5;22;35;235.57142857142858;230.0;8245
train;26;5;23;35;143.22857142857143;140.0;5013
train;26;6;0;35;50.714285714285715;47.0;1775
train;26;6;1;35;6.885714285714286;7.0;241
train;26;6;2;35;1.2285714285714286;0.0;43
train;26;6;3;35;1.0857142857142856;0.0;38
train;26;6;4;35;2.4857142857142858;2.0;87
train;26;6;5;35;34.02857142857143;30.0;1191
train;26;6;6;35;156.4;155.0;5474
train;26;6;7;35;250.4;252.0;8764
train;26;6;8;35;375.9142857142857;365.0;13157
train;26;6;9;35;497.0571428571429;498.0;17397
train;26;6;10;35;546.5714285714286;539.0;19130
train;26;6;11;35;718.6571428571428;704.0;25153
train;26;6;12;35;757.9714285714285;768.0;26529
train;26;6;13;35;771.2285714285714;777.0;26993
train;26;6;14;35;751.4571428571429;726.0;26301
train;26;6;15;35;718.9142857142857;709.0;25162
train;26;6;16;35;711.3428571428572;684.0;24897
train;26;6;17;35;718.0571428571428;702.0;25132
train;26;6;18;35;672.5142857142857;663.0;23538
train;26;6;19;35;558.1142857142858;543.0;19534
train;26;6;20;35;422.45714285714286;411.0;14786
train;26;6;21;35;306.9142857142857;284.0;10742
train;26;6;22;35;210.2;207.0;7357
train;26;6;23;35;109.8;104.0;3843
train;28;0;0;34;1.7058823529411764;0.0;58
train;28;0;1;34;0.29411764705882354;0.0;10
train;28;0;2;34;0.0;0.0;0
train;28;0;3;34;0.0;0.0;0
train;28;0;4;34;2.0294117647058822;2.0;69
train;28;0;5;34;77.94117647058823;76.5;2650
train;28;0;6;34;252.11764705882354;256.0;8572
train;28;0;7;34;671.5588235294117;716.5;22833
train;28;0;8;34;1012.9705882352941;1071.5;34441
train;28;0;9;34;764.0882352941177;803.0;25979
train;28;0;10;34;546.7352941176471;548.0;18589
train;28;0;11;34;504.9117647058824;498.5;17167
train;28;0;12;34;596.4117647058823;614.5;20278
train;28;0;13;34;623.2352941176471;634.5;21190
train;28;0;14;34;555.7941176470588;595.0;18897
train;28;0;15;34;583.7941176470588;610.5;19849
train;28;0;16;34;736.0882352941177;768.0;25027
train;28;0;17;34;845.0588235294117;842.0;28732
train;28;0;18;34;866.8235294117648;892.0;29472
train;28;0;19;34;677.7352941176471;685.0;23043
train;28;0;20;34;462.29411764705884;465.0;15718
train;28;0;21;34;289.9117647058824;293.0;9857
train;28;0;22;34;125.44117647058823;121.5;4265
train;28;0;23;34;16.764705882352942;12.0;570
train;28;1;0;34;2.3823529411764706;0.0;81
train;28;1;1;34;0.9705882352941176;0.0;33
train;28;1;2;34;1.2941176470588236;0.0;44
train;28;1;3;34;0.08823529411764706;0.0;3
train;28;1;4;34;2.5;2.0;85
train;28;1;5;34;74.3529411764706;74.0;2528
train;28;1;6;34;248.6764705882353;252.0;8455
train;28;1;7;34;687.2352941176471;710.5;23366
train;28;1;8;34;1033.7058823529412;1069.5;35146
train;28;1;9;34;798.8823529411765;829.5;27162
train;28;1;10;34;585.4705882352941;613.0;19906
train;28;1;11;34;523.1176470588235;525.5;17786
train;28;1;12;34;611.7647058823529;607.5;20800
train;28;1;13;34;652.8529411764706;647.0;22197
train;28;1;14;34;578.2352941176471;599.5;19660
train;28;1;15;34;574.8823529411765;594.5;19546
train;28;1;16;34;730.5882352941177;753.5;24840
train;28;1;17;34;847.0588235294117;882.5;28800
train;28;1;18;34;836.5294117647059;842.0;28442
train;28;1;19;34;683.4117647058823;691.5;23236
train;28;1;20;34;487.61764705882354;507.0;16579
train;28;1;21;34;305.0882352941176;298.5;10373
train;28;1;22;34;138.6764705882353;139.5;4715
train;28;1;23;34;17.852941176470587;16.0;607
train;28;2;0;35;2.4571428571428573;0.0;86
train;28;2;1;35;0.17142857142857143;0.0;6
train;28;2;2;35;0.0;0.0;0
train;28;2;3;35;0.0;0.0;0
train;28;2;4;35;2.1714285714285713;2.0;76
train;28;2;5;35;82.22857142857143;84.0;2878
train;28;2;6;35;249.6;258.0;8736
train;28;2;7;35;664.1142857142858;695.0;23244
train;28;2;8;35;1016.1714285714286;1115.0;35566
train;28;2;9;35;727.6571428571428;731.0;25468
train;28;2;10;35;541.1428571428571;563.0;18940
train;28;2;11;35;543.2857142857143;540.0;19015
train;28;2;12;35;600.3428571428572;591.0;21012
train;28;2;13;35;633.2;612.0;22162
train;28;2;14;35;563.4571428571429;575.0;19721
train;28;2;15;35;609.6285714285714;618.0;21337
train;28;2;16;35;725.1428571428571;754.0;25380
train;28;2;17;35;818.6857142857143;835.0;28654
train;28;2;18;35;846.0571428571428;829.0;29612
train;28;2;19;35;655.5428571428571;673.0;22944
train;28;2;20;35;466.8857142857143;465.0;16341
train;28;2;21;35;314.3142857142857;300.0;11001
train;28;2;22;35;148.97142857142856;146.0;5214
train;28;2;23;35;18.6;16.0;651
train;28;3;0;35;3.2285714285714286;0.0;113
train;28;3;1;35;0.42857142857142855;0.0;15
train;28;3;2;35;0.0;0.0;0
train;28;3;3;35;0.0;0.0;0
train;28;3;4;35;1.8;1.0;63
train;28;3;5;35;75.74285714285715;75.0;2651
train;28;3;6;35;244.8;261.0;8568
train;28;3;7;35;649.7142857142857;685.0;22740
train;28;3;8;35;962.8571428571429;994.0;33700
train;28;3;9;35;740.2;809.0;25907
train;28;3;10;35;541.7714285714286;567.0;18962
train;28;3;11;35;502.9714285714286;505.0;17604
train;28;3;12;35;598.6;637.0;20951
train;28;3;13;35;615.6285714285714;634.0;21547
train;28;3;14;35;554.6571428571428;551.0;19413
train;28;3;15;35;575.8571428571429;558.0;20155
train;28;3;16;35;689.9428571428572;733.0;24148
train;28;3;17;35;816.4285714285714;871.0;28575
train;28;3;18;35;828.2;872.0;28987
train;28;3;19;35;634.9714285714285;663.0;22224
train;28;3;20;35;475.34285714285716;508.0;16637
train;28;3;21;35;314.14285714285717;324.0;10995
train;28;3;22;35;143.77142857142857;148.0;5032
train;28;3;23;35;19.914285714285715;13.0;697
train;28;4;0;35;1.8571428571428572;0.0;65
train;28;4;1;35;0.2571428571428571;0.0;9
train;28;4;2;35;0.0;0.0;0
train;28;4;3;35;0.0;0.0;0
train;28;4;4;35;2.0;2.0;70
train;28;4;5;35;72.6;71.0;2541
train;28;4;6;35;227.57142857142858;237.0;7965
train;28;4;7;35;613.9714285714285;646.0;21489
train;28;4;8;35;917.6571428571428;934.0;32118
train;28;4;9;35;691.2571428571429;743.0;24194
train;28;4;10;35;526.0857142857143;529.0;18413
train;28;4;11;35;514.6;532.0;18011
train;28;4;12;35;588.3714285714286;569.0;20593
train;28;4;13;35;609.0571428571428;612.0;21317
train;28;4;14;35;582.1714285714286;589.0;20376
train;28;4;15;35;605.3142857142857;645.0;21186
train;28;4;16;35;771.5142857142857;782.0;27003
train;28;4;17;35;808.1142857142858;797.0;28284
train;28;4;18;35;700.8571428571429;713.0;24530
train;28;4;19;35;570.8285714285714;605.0;19979
train;28;4;20;35;443.85714285714283;433.0;15535
train;28;4;21;35;299.45714285714286;299.0;10481
train;28;4;22;35;146.34285714285716;147.0;5122
train;28;4;23;35;19.17142857142857;16.0;671
train;28;5;0;35;2.742857142857143;0.0;96
train;28;5;1;35;0.5428571428571428;0.0;19
train;28;5;2;35;0.0;0.0;0
train;28;5;3;35;0.0;0.0;0
train;28;5;4;35;1.3142857142857143;1.0;46
train;28;5;5;35;36.714285714285715;38.0;1285
train;28;5;6;35;97.11428571428571;96.0;3399
train;28;5;7;35;201.0857142857143;198.0;7038
train;28;5;8;35;311.34285714285716;304.0;10897
train;28;5;9;35;406.6857142857143;418.0;14234
train;28;5;10;35;420.4;430.0;14714
train;28;5;11;35;431.42857142857144;430.0;15100
train;28;5;12;35;499.42857142857144;504.0;17480
train;28;5;13;35;528.1428571428571;555.0;18485
train;28;5;14;35;527.8857142857142;519.0;18476
train;28;5;15;35;513.5714285714286;520.0;17975
train;28;5;16;35;482.9428571428571;502.0;16903
train;28;5;17;35;494.8285714285714;493.0;17319
train;28;5;18;35;443.37142857142857;447.0;15518
train;28;5;19;35;388.4;390.0;13594
train;28;5;20;35;306.74285714285713;306.0;10736
train;28;5;21;35;277.6;265.0;9716
train;28;5;22;35;138.25714285714287;131.0;4839
train;28;5;23;35;24.285714285714285;13.0;850
train;28;6;0;35;6.285714285714286;0.0;220
train;28;6;1;35;3.6285714285714286;0.0;127
train;28;6;2;35;0.9714285714285714;0.0;34
train;28;6;3;35;1.4285714285714286;0.0;50
train;28;6;4;35;0.8571428571428571;0.0;30
train;28;6;5;35;31.0;31.0;1085
train;28;6;6;35;82.08571428571429;80.0;2873
train;28;6;7;35;136.54285714285714;137.0;4779
train;28;6;8;35;228.6;223.0;8001
train;28;6;9;35;301.74285714285713;288.0;10561
train;28;6;10;35;331.85714285714283;333.0;11615
train;28;6;11;35;363.62857142857143;353.0;12727
train;28;6;12;35;411.25714285714287;411.0;14394
train;28;6;13;35;463.9714285714286;469.0;16239
train;28;6;14;35;454.65714285714284;446.0;15913
train;28;6;15;35;463.45714285714286;440.0;16221
train;28;6;16;35;441.6;435.0;15456
train;28;6;17;35;427.62857142857143;431.0;14967
train;28;6;18;35;403.7142857142857;401.0;14130
train;28;6;19;35;349.42857142857144;339.0;12230
train;28;6;20;35;300.25714285714287;287.0;10509
train;28;6;21;35;241.4;232.0;8449
train;28;6;22;35;110.91428571428571;112.0;3882
train;28;6;23;35;15.542857142857143;11.0;544
train;50;0;0;34;43.6764705882353;40.0;1485
train;50;0;1;34;4.882352941176471;4.5;166
train;50;0;2;34;0.0;0.0;0
train;50;0;3;34;0.0;0.0;0
train;50;0;4;34;2.323529411764706;2.0;79
train;50;0;5;34;74.73529411764706;68.5;2541
train;50;0;6;34;538.6764705882352;545.5;18315
train;50;0;7;34;1688.4705882352941;1753.5;57408
train;50;0;8;34;2484.4411764705883;2578.5;84471
train;50;0;9;34;1962.7058823529412;2028.0;66732
train;50;0;10;34;1467.2941176470588;1502.5;49888
train;50;0;11;34;1398.0294117647059;1465.0;47533
train;50;0;12;34;1291.9117647058824;1341.0;43925
train;50;0;13;34;1271.6470588235295;1265.5;43236
train;50;0;14;34;1234.9705882352941;1274.5;41989
train;50;0;15;34;1364.0588235294117;1390.0;46378
train;50;0;16;34;1447.264705882353;1482.0;49207
train;50;0;17;34;2107.294117647059;2213.0;71648
train;50;0;18;34;2339.1176470588234;2470.0;79530
train;50;0;19;34;1451.6470588235295;1467.5;49356
train;50;0;20;34;897.7352941176471;872.0;30523
train;50;0;21;34;587.1176470588235;579.5;19962
train;50;0;22;34;296.2352941176471;267.0;10072
train;50;0;23;34;141.1764705882353;131.5;4800
train;50;1;0;34;43.705882352941174;36.5;1486
train;50;1;1;34;4.382352941176471;3.0;149
train;50;1;2;34;0.7941176470588235;0.0;27
train;50;1;3;34;0.4117647058823529;0.0;14
train;50;1;4;34;2.176470588235294;2.0;74
train;50;1;5;34;78.05882352941177;66.0;2654
train;50;1;6;34;593.5882352941177;590.0;20182
train;50;1;7;34;1745.264705882353;1778.5;59339
train;50;1;8;34;2554.294117647059;2718.5;86846
train;50;1;9;34;1991.6764705882354;2089.0;67717
train;50;1;10;34;1552.764705882353;1624.5;52794
train;50;1;11;34;1433.7941176470588;1499.0;48749
train;50;1;12;34;1345.4411764705883;1439.0;45745
train;50;1;13;34;1315.8529411764705;1416.5;44739
train;50;1;14;34;1260.5882352941176;1366.5;42860
train;50;1;15;34;1389.2941176470588;1400.0;47236
train;50;1;16;34;1478.264705882353;1492.0;50261
train;50;1;17;34;2193.705882352941;2266.0;74586
train;50;1;18;34;2396.9411764705883;2531.0;81496
train;50;1;19;34;1434.1470588235295;1452.0;48761
train;50;1;20;34;940.9117647058823;946.0;31991
train;50;1;21;34;632.8235294117648;627.5;21516
train;50;1;22;34;313.11764705882354;293.5;10646
train;50;1;23;34;149.2941176470588;133.5;5076
train;50;2;0;35;44.0;38.0;1540
train;50;2;1;35;4.3428571428571425;4.0;152
train;50;2;2;35;0.0;0.0;0
train;50;2;3;35;0.0;0.0;0
train;50;2;4;35;2.342857142857143;2.0;82
train;50;2;5;35;80.0;73.0;2800
train;50;2;6;35;544.9428571428572;552.0;19073
train;50;2;7;35;1636.2285714285715;1675.0;57268
train;50;2;8;35;2429.4857142857145;2625.0;85032
train;50;2;9;35;1964.8857142857144;2067.0;68771
train;50;2;10;35;1475.142857142857;1555.0;51630
train;50;2;11;35;1405.2;1429.0;49182
train;50;2;12;35;1312.6857142857143;1400.0;45944
train;50;2;13;35;1322.3714285714286;1422.0;46283
train;50;2;14;35;1294.5428571428572;1295.0;45309
train;50;2;15;35;1399.0285714285715;1453.0;48966
train;50;2;16;35;1556.9714285714285;1629.0;54494
train;50;2;17;35;2095.4285714285716;2141.0;73340
train;50;2;18;35;2210.0285714285715;2464.0;77351
train;50;2;19;35;1427.9142857142858;1453.0;49977
train;50;2;20;35;885.9714285714285;863.0;31009
train;50;2;21;35;619.2;607.0;21672
train;50;2;22;35;327.65714285714284;296.0;11468
train;50;2;23;35;152.82857142857142;150.0;5349
train;50;3;0;35;47.05714285714286;40.0;1647
train;50;3;1;35;3.942857142857143;3.0;138
train;50;3;2;35;0.6857142857142857;0.0;24
train;50;3;3;35;0.2571428571428571;0.0;9
train;50;3;4;35;2.4285714285714284;2.0;85
train;50;3;5;35;82.45714285714286;73.0;2886
train;50;3;6;35;535.5142857142857;559.0;18743
train;50;3;7;35;1634.2;1755.0;57197
train;50;3;8;35;2338.2571428571428;2616.0;81839
train;50;3;9;35;1863.8285714285714;2031.0;65234
train;50;3;10;35;1443.8;1528.0;50533
train;50;3;11;35;1376.057142857143;1499.0;48162
train;50;3;12;35;1272.942857142857;1357.0;44553
train;50;3;13;35;1253.6571428571428;1261.0;43878
train;50;3;14;35;1186.9142857142858;1248.0;41542
train;50;3;15;35;1319.8285714285714;1375.0;46194
train;50;3;16;35;1511.8857142857144;1671.0;52916
train;50;3;17;35;2039.4857142857143;2185.0;71382
train;50;3;18;35;2253.2285714285713;2429.0;78863
train;50;3;19;35;1426.3142857142857;1462.0;49921
train;50;3;20;35;936.1428571428571;941.0;32765
train;50;3;21;35;668.9142857142857;648.0;23412
train;50;3;22;35;332.6;310.0;11641
train;50;3;23;35;180.6;155.0;6321
train;50;4;0;35;54.22857142857143;44.0;1898
train;50;4;1;35;4.0;3.0;140
train;50;4;2;35;0.02857142857142857;0.0;1
train;50;4;3;35;0.0;0.0;0
train;50;4;4;35;2.657142857142857;2.0;93
train;50;4;5;35;77.88571428571429;68.0;2726
train;50;4;6;35;535.5714285714286;557.0;18745
train;50;4;7;35;1509.7714285714285;1657.0;52842
train;50;4;8;35;2269.4;2576.0;79429
train;50;4;9;35;1725.4857142857143;1961.0;60392
train;50;4;10;35;1391.0857142857142;1496.0;48688
train;50;4;11;35;1377.1714285714286;1518.0;48201
train;50;4;12;35;1331.6571428571428;1449.0;46608
train;50;4;13;35;1297.857142857143;1349.0;45425
train;50;4;14;35;1229.5142857142857;1317.0;43033
train;50;4;15;35;1504.7428571428572;1523.0;52666
train;50;4;16;35;1732.3714285714286;1824.0;60633
train;50;4;17;35;1862.4285714285713;2049.0;65185
train;50;4;18;35;1619.0857142857142;1773.0;56668
train;50;4;19;35;1145.5142857142857;1151.0;40093
train;50;4;20;35;797.7714285714286;774.0;27922
train;50;4;21;35;576.4;533.0;20174
train;50;4;22;35;333.7142857142857;313.0;11680
train;50;4;23;35;188.17142857142858;173.0;6586
train;50;5;0;35;71.31428571428572;64.0;2496
train;50;5;1;35;4.771428571428571;4.0;167
train;50;5;2;35;0.0;0.0;0
train;50;5;3;35;0.05714285714285714;0.0;2
train;50;5;4;35;1.0571428571428572;1.0;37
train;50;5;5;35;49.57142857142857;33.0;1735
train;50;5;6;35;218.65714285714284;173.0;7653
train;50;5;7;35;428.7142857142857;391.0;15005
train;50;5;8;35;612.8857142857142;616.0;21451
train;50;5;9;35;663.7714285714286;652.0;23232
train;50;5;10;35;660.0571428571428;634.0;23102
train;50;5;11;35;801.3142857142857;776.0;28046
train;50;5;12;35;820.2571428571429;811.0;28709
train;50;5;13;35;857.3142857142857;847.0;30006
train;50;5;14;35;859.3714285714286;853.0;30078
train;50;5;15;35;818.2571428571429;830.0;28639
train;50;5;16;35;802.2571428571429;809.0;28079
train;50;5;17;35;811.1142857142858;791.0;28389
train;50;5;18;35;754.4285714285714;709.0;26405
train;50;5;19;35;678.1714285714286;673.0;23736
train;50;5;20;35;543.8857142857142;498.0;19036
train;50;5;21;35;440.8857142857143;413.0;15431
train;50;5;22;35;255.5142857142857;246.0;8943
train;50;5;23;35;175.68571428571428;149.0;6149
train;50;6;0;35;57.857142857142854;54.0;2025
train;50;6;1;35;7.171428571428572;6.0;251
train;50;6;2;35;0.9142857142857143;0.0;32
train;50;6;3;35;1.0285714285714285;0.0;36
train;50;6;4;35;1.2285714285714286;1.0;43
train;50;6;5;35;35.17142857142857;28.0;1231
train;50;6;6;35;155.54285714285714;134.0;5444
train;50;6;7;35;273.0571428571429;254.0;9557
train;50;6;8;35;412.62857142857143;370.0;14442
train;50;6;9;35;490.0;473.0;17150
train;50;6;10;35;531.4571428571429;522.0;18601
train;50;6;11;35;661.3428571428572;636.0;23147
train;50;6;12;35;707.1428571428571;720.0;24750
train;50;6;13;35;777.9428571428572;783.0;27228
train;50;6;14;35;803.9428571428572;786.0;28138
train;50;6;15;35;737.7428571428571;700.0;25821
train;50;6;16;35;750.8857142857142;730.0;26281
train;50;6;17;35;748.9714285714285;739.0;26214
train;50;6;18;35;707.5142857142857;646.0;24763
train;50;6;19;35;612.5714285714286;562.0;21440
train;50;6;20;35;519.4857142857143;486.0;18182
train;50;6;21;35;413.57142857142856;374.0;14475
train;50;6;22;35;248.6;223.0;8701
train;50;6;23;35;135.94285714285715;117.0;4758
validation;1;0;0;9;0.0;0.0;0
validation;1;0;1;9;0.0;0.0;0
validation;1;0;2;9;0.0;0.0;0
validation;1;0;3;9;0.0;0.0;0
validation;1;0;4;9;9.0;9.0;81
validation;1;0;5;9;129.77777777777777;126.0;1168
validation;1;0;6;9;500.6666666666667;491.0;4506
validation;1;0;7;9;1541.3333333333333;1561.0;13872
validation;1;0;8;9;1965.888888888889;1959.0;17693
validation;1;0;9;9;1394.3333333333333;1389.0;12549
validation;1;0;10;9;1239.2222222222222;1261.0;11153
validation;1;0;11;9;1222.7777777777778;1238.0;11005
validation;1;0;12;9;1317.2222222222222;1325.0;11855
validation;1;0;13;9;1375.2222222222222;1397.0;12377
validation;1;0;14;9;1354.0;1333.0;12186
validation;1;0;15;9;1494.6666666666667;1465.0;13452
validation;1;0;16;9;1580.111111111111;1569.0;14221
validation;1;0;17;9;1814.111111111111;1805.0;16327
validation;1;0;18;9;1930.888888888889;1926.0;17378
validation;1;0;19;9;1441.7777777777778;1432.0;12976
validation;1;0;20;9;899.6666666666666;878.0;8097
validation;1;0;21;9;439.8888888888889;442.0;3959
validation;1;0;22;9;174.77777777777777;169.0;1573
validation;1;0;23;9;39.0;28.0;351
validation;1;1;0;9;5.888888888888889;3.0;53
validation;1;1;1;9;0.0;0.0;0
validation;1;1;2;9;0.0;0.0;0
validation;1;1;3;9;0.0;0.0;0
validation;1;1;4;9;10.0;9.0;90
validation;1;1;5;9;119.77777777777777;116.0;1078
validation;1;1;6;9;503.8888888888889;497.0;4535
validation;1;1;7;9;1613.3333333333333;1583.0;14520
validation;1;1;8;9;2002.111111111111;2004.0;18019
validation;1;1;9;9;1485.7777777777778;1500.0;13372
validation;1;1;10;9;1350.888888888889;1323.0;12158
validation;1;1;11;9;1313.0;1291.0;11817
validation;1;1;12;9;1332.2222222222222;1363.0;11990
validation;1;1;13;9;1367.0;1424.0;12303
validation;1;1;14;9;1312.2222222222222;1276.0;11810
validation;1;1;15;9;1428.111111111111;1434.0;12853
validation;1;1;16;9;1508.888888888889;1486.0;13580
validation;1;1;17;9;1826.5555555555557;1799.0;16439
validation;1;1;18;9;1852.7777777777778;1860.0;16675
validation;1;1;19;9;1420.6666666666667;1453.0;12786
validation;1;1;20;9;881.2222222222222;890.0;7931
validation;1;1;21;9;486.55555555555554;469.0;4379
validation;1;1;22;9;206.88888888888889;203.0;1862
validation;1;1;23;9;35.888888888888886;37.0;323
validation;1;2;0;9;3.2222222222222223;3.0;29
validation;1;2;1;9;0.0;0.0;0
validation;1;2;2;9;0.0;0.0;0
validation;1;2;3;9;0.0;0.0;0
validation;1;2;4;9;8.777777777777779;9.0;79
validation;1;2;5;9;133.0;135.0;1197
validation;1;2;6;9;539.6666666666666;523.0;4857
validation;1;2;7;9;1526.3333333333333;1530.0;13737
validation;1;2;8;9;1962.2222222222222;1968.0;17660
validation;1;2;9;9;1412.888888888889;1427.0;12716
validation;1;2;10;9;1309.2222222222222;1312.0;11783
validation;1;2;11;9;1274.4444444444443;1273.0;11470
validation;1;2;12;9;1322.4444444444443;1336.0;11902
validation;1;2;13;9;1421.3333333333333;1391.0;12792
validation;1;2;14;9;1312.7777777777778;1309.0;11815
validation;1;2;15;9;1477.0;1438.0;13293
validation;1;2;16;9;1497.7777777777778;1487.0;13480
validation;1;2;17;9;1756.888888888889;1780.0;15812
validation;1;2;18;9;1843.7777777777778;1822.0;16594
validation;1;2;19;9;1412.2222222222222;1446.0;12710
validation;1;2;20;9;903.2222222222222;905.0;8129
validation;1;2;21;9;462.77777777777777;469.0;4165
validation;1;2;22;9;211.11111111111111;213.0;1900
validation;1;2;23;9;33.22222222222222;32.0;299
validation;1;3;0;9;3.4444444444444446;3.0;31
validation;1;3;1;9;0.0;0.0;0
validation;1;3;2;9;0.0;0.0;0
validation;1;3;3;9;0.0;0.0;0
validation;1;3;4;9;9.333333333333334;9.0;84
validation;1;3;5;9;120.88888888888889;121.0;1088
validation;1;3;6;9;478.0;473.0;4302
validation;1;3;7;9;1513.6666666666667;1547.0;13623
validation;1;3;8;9;1981.888888888889;2026.0;17837
validation;1;3;9;9;1413.3333333333333;1457.0;12720
validation;1;3;10;9;1307.7777777777778;1311.0;11770
validation;1;3;11;9;1297.0;1295.0;11673
validation;1;3;12;9;1382.0;1419.0;12438
validation;1;3;13;9;1430.111111111111;1424.0;12871
validation;1;3;14;9;1360.111111111111;1351.0;12241
validation;1;3;15;9;1506.2222222222222;1484.0;13556
validation;1;3;16;9;1501.888888888889;1513.0;13517
validation;1;3;17;9;1770.4444444444443;1780.0;15934
validation;1;3;18;9;1773.4444444444443;1742.0;15961
validation;1;3;19;9;1351.888888888889;1359.0;12167
validation;1;3;20;9;885.6666666666666;876.0;7971
validation;1;3;21;9;459.44444444444446;453.0;4135
validation;1;3;22;9;197.0;209.0;1773
validation;1;3;23;9;36.333333333333336;29.0;327
validation;1;4;0;9;4.444444444444445;3.0;40
validation;1;4;1;9;0.0;0.0;0
validation;1;4;2;9;0.0;0.0;0
validation;1;4;3;9;0.0;0.0;0
validation;1;4;4;9;7.666666666666667;9.0;69
validation;1;4;5;9;146.22222222222223;144.0;1316
validation;1;4;6;9;484.6666666666667;486.0;4362
validation;1;4;7;9;1531.5555555555557;1560.0;13784
validation;1;4;8;9;1895.7777777777778;1886.0;17062
validation;1;4;9;9;1402.4444444444443;1428.0;12622
validation;1;4;10;9;1327.111111111111;1295.0;11944
validation;1;4;11;9;1378.6666666666667;1344.0;12408
validation;1;4;12;9;1347.0;1337.0;12123
validation;1;4;13;9;1417.111111111111;1403.0;12754
validation;1;4;14;9;1329.7777777777778;1337.0;11968
validation;1;4;15;9;1494.6666666666667;1488.0;13452
validation;1;4;16;9;1600.111111111111;1650.0;14401
validation;1;4;17;9;1786.111111111111;1790.0;16075
validation;1;4;18;9;1524.3333333333333;1547.0;13719
validation;1;4;19;9;1229.3333333333333;1229.0;11064
validation;1;4;20;9;801.3333333333334;795.0;7212
validation;1;4;21;9;472.44444444444446;449.0;4252
validation;1;4;22;9;205.0;215.0;1845
validation;1;4;23;9;40.333333333333336;41.0;363
validation;1;5;0;8;2.5;2.5;20
validation;1;5;1;8;0.0;0.0;0
validation;1;5;2;8;0.0;0.0;0
validation;1;5;3;8;0.0;0.0;0
validation;1;5;4;8;0.25;0.0;2
validation;1;5;5;8;29.125;29.0;233
validation;1;5;6;8;156.75;156.0;1254
validation;1;5;7;8;345.625;346.0;2765
validation;1;5;8;8;461.5;439.0;3692
validation;1;5;9;8;734.25;711.5;5874
validation;1;5;10;8;885.25;868.5;7082
validation;1;5;11;8;791.625;752.0;6333
validation;1;5;12;8;975.5;936.5;7804
validation;1;5;13;8;1037.25;1024.0;8298
validation;1;5;14;8;944.125;943.5;7553
validation;1;5;15;8;804.0;767.0;6432
validation;1;5;16;8;761.75;770.0;6094
validation;1;5;17;8;683.625;710.5;5469
validation;1;5;18;8;618.0;603.0;4944
validation;1;5;19;8;561.25;556.0;4490
validation;1;5;20;8;409.0;404.0;3272
validation;1;5;21;8;305.625;294.5;2445
validation;1;5;22;8;128.75;117.5;1030
validation;1;5;23;8;26.25;25.0;210
validation;1;6;0;8;0.0;0.0;0
validation;1;6;1;8;0.0;0.0;0
validation;1;6;2;8;0.0;0.0;0
validation;1;6;3;8;0.0;0.0;0
validation;1;6;4;8;0.0;0.0;0
validation;1;6;5;8;23.875;23.5;191
validation;1;6;6;8;125.0;123.0;1000
validation;1;6;7;8;267.25;272.5;2138
validation;1;6;8;8;362.625;365.0;2901
validation;1;6;9;8;617.25;609.0;4938
validation;1;6;10;8;682.625;696.0;5461
validation;1;6;11;8;684.5;694.5;5476
validation;1;6;12;8;803.125;778.5;6425
validation;1;6;13;8;849.125;833.0;6793
validation;1;6;14;8;752.375;758.0;6019
validation;1;6;15;8;668.875;674.0;5351
validation;1;6;16;8;623.75;632.5;4990
validation;1;6;17;8;586.625;586.5;4693
validation;1;6;18;8;541.5;544.5;4332
validation;1;6;19;8;452.875;471.0;3623
validation;1;6;20;8;340.625;334.5;2725
validation;1;6;21;8;262.375;261.5;2099
validation;1;6;22;8;101.125;101.0;809
validation;1;6;23;8;26.0;24.5;208
validation;7;0;0;9;56.77777777777778;59.0;511
validation;7;0;1;9;10.0;11.0;90
validation;7;0;2;9;0.0;0.0;0
validation;7;0;3;9;0.0;0.0;0
validation;7;0;4;9;0.8888888888888888;1.0;8
validation;7;0;5;9;175.11111111111111;174.0;1576
validation;7;0;6;9;594.6666666666666;569.0;5352
validation;7;0;7;9;1563.5555555555557;1497.0;14072
validation;7;0;8;9;2455.8888888888887;2441.0;22103
validation;7;0;9;9;1711.0;1712.0;15399
validation;7;0;10;9;1504.7777777777778;1511.0;13543
validation;7;0;11;9;1346.7777777777778;1323.0;12121
validation;7;0;12;9;1526.6666666666667;1541.0;13740
validation;7;0;13;9;1522.3333333333333;1576.0;13701
validation;7;0;14;9;1555.111111111111;1548.0;13996
validation;7;0;15;9;1768.0;1756.0;15912
validation;7;0;16;9;1794.7777777777778;1811.0;16153
validation;7;0;17;9;2316.3333333333335;2241.0;20847
validation;7;0;18;9;2468.3333333333335;2455.0;22215
validation;7;0;19;9;1720.4444444444443;1736.0;15484
validation;7;0;20;9;1050.6666666666667;1044.0;9456
validation;7;0;21;9;558.1111111111111;568.0;5023
validation;7;0;22;9;289.22222222222223;279.0;2603
validation;7;0;23;9;155.77777777777777;156.0;1402
validation;7;1;0;9;52.333333333333336;54.0;471
validation;7;1;1;9;7.0;5.0;63
validation;7;1;2;9;0.1111111111111111;0.0;1
validation;7;1;3;9;0.0;0.0;0
validation;7;1;4;9;2.111111111111111;2.0;19
validation;7;1;5;9;185.11111111111111;184.0;1666
validation;7;1;6;9;624.7777777777778;615.0;5623
validation;7;1;7;9;1668.888888888889;1681.0;15020
validation;7;1;8;9;2491.0;2474.0;22419
validation;7;1;9;9;1814.2222222222222;1742.0;16328
validation;7;1;10;9;1602.111111111111;1540.0;14419
validation;7;1;11;9;1548.888888888889;1541.0;13940
validation;7;1;12;9;1656.111111111111;1732.0;14905
validation;7;1;13;9;1606.0;1599.0;14454
validation;7;1;14;9;1639.7777777777778;1671.0;14758
validation;7;1;15;9;1831.111111111111;1824.0;16480
validation;7;1;16;9;1846.3333333333333;1896.0;16617
validation;7;1;17;9;2268.6666666666665;2345.0;20418
validation;7;1;18;9;2592.3333333333335;2713.0;23331
validation;7;1;19;9;1771.111111111111;1814.0;15940
validation;7;1;20;9;1123.111111111111;1120.0;10108
validation;7;1;21;9;641.6666666666666;679.0;5775
validation;7;1;22;9;333.55555555555554;296.0;3002
validation;7;1;23;9;206.55555555555554;204.0;1859
validation;7;2;0;9;61.333333333333336;59.0;552
validation;7;2;1;9;7.555555555555555;7.0;68
validation;7;2;2;9;0.0;0.0;0
validation;7;2;3;9;0.0;0.0;0
validation;7;2;4;9;2.3333333333333335;3.0;21
validation;7;2;5;9;188.33333333333334;189.0;1695
validation;7;2;6;9;597.7777777777778;603.0;5380
validation;7;2;7;9;1549.3333333333333;1585.0;13944
validation;7;2;8;9;2507.5555555555557;2576.0;22568
validation;7;2;9;9;1819.5555555555557;1807.0;16376
validation;7;2;10;9;1687.6666666666667;1697.0;15189
validation;7;2;11;9;1514.4444444444443;1498.0;13630
validation;7;2;12;9;1669.6666666666667;1646.0;15027
validation;7;2;13;9;1545.7777777777778;1529.0;13912
validation;7;2;14;9;1660.2222222222222;1637.0;14942
validation;7;2;15;9;1788.2222222222222;1843.0;16094
validation;7;2;16;9;1845.4444444444443;1842.0;16609
validation;7;2;17;9;2400.0;2444.0;21600
validation;7;2;18;9;2612.222222222222;2601.0;23510
validation;7;2;19;9;1659.888888888889;1708.0;14939
validation;7;2;20;9;1092.7777777777778;1074.0;9835
validation;7;2;21;9;649.2222222222222;629.0;5843
validation;7;2;22;9;334.1111111111111;334.0;3007
validation;7;2;23;9;199.11111111111111;204.0;1792
validation;7;3;0;9;64.11111111111111;68.0;577
validation;7;3;1;9;12.11111111111111;12.0;109
validation;7;3;2;9;0.0;0.0;0
validation;7;3;3;9;0.0;0.0;0
validation;7;3;4;9;1.3333333333333333;1.0;12
validation;7;3;5;9;180.11111111111111;186.0;1621
validation;7;3;6;9;610.6666666666666;592.0;5496
validation;7;3;7;9;1598.5555555555557;1606.0;14387
validation;7;3;8;9;2517.5555555555557;2552.0;22658
validation;7;3;9;9;1758.6666666666667;1806.0;15828
validation;7;3;10;9;1532.6666666666667;1498.0;13794
validation;7;3;11;9;1454.0;1458.0;13086
validation;7;3;12;9;1545.4444444444443;1574.0;13909
validation;7;3;13;9;1514.3333333333333;1565.0;13629
validation;7;3;14;9;1730.2222222222222;1695.0;15572
validation;7;3;15;9;1721.3333333333333;1710.0;15492
validation;7;3;16;9;1760.0;1742.0;15840
validation;7;3;17;9;2221.8888888888887;2240.0;19997
validation;7;3;18;9;2602.0;2484.0;23418
validation;7;3;19;9;1620.6666666666667;1591.0;14586
validation;7;3;20;9;1015.2222222222222;1077.0;9137
validation;7;3;21;9;596.1111111111111;597.0;5365
validation;7;3;22;9;319.22222222222223;308.0;2873
validation;7;3;23;9;209.88888888888889;205.0;1889
validation;7;4;0;9;67.22222222222223;66.0;605
validation;7;4;1;9;11.222222222222221;13.0;101
validation;7;4;2;9;0.2222222222222222;0.0;2
validation;7;4;3;9;0.0;0.0;0
validation;7;4;4;9;1.2222222222222223;1.0;11
validation;7;4;5;9;175.66666666666666;172.0;1581
validation;7;4;6;9;585.5555555555555;588.0;5270
validation;7;4;7;9;1517.0;1434.0;13653
validation;7;4;8;9;2370.4444444444443;2420.0;21334
validation;7;4;9;9;1667.5555555555557;1680.0;15008
validation;7;4;10;9;1594.2222222222222;1649.0;14348
validation;7;4;11;9;1446.0;1456.0;13014
validation;7;4;12;9;1606.3333333333333;1667.0;14457
validation;7;4;13;9;1650.888888888889;1680.0;14858
validation;7;4;14;9;1674.2222222222222;1687.0;15068
validation;7;4;15;9;1847.6666666666667;1899.0;16629
validation;7;4;16;9;1915.4444444444443;1860.0;17239
validation;7;4;17;9;2201.222222222222;2160.0;19811
validation;7;4;18;9;2022.111111111111;2052.0;18199
validation;7;4;19;9;1329.2222222222222;1376.0;11963
validation;7;4;20;9;985.4444444444445;1010.0;8869
validation;7;4;21;9;586.2222222222222;591.0;5276
validation;7;4;22;9;321.8888888888889;303.0;2897
validation;7;4;23;9;232.44444444444446;234.0;2092
validation;7;5;0;8;96.625;105.5;773
validation;7;5;1;8;16.25;15.5;130
validation;7;5;2;8;0.0;0.0;0
validation;7;5;3;8;0.0;0.0;0
validation;7;5;4;8;0.875;0.0;7
validation;7;5;5;8;47.75;53.0;382
validation;7;5;6;8;235.625;229.0;1885
validation;7;5;7;8;353.0;307.0;2824
validation;7;5;8;8;653.5;681.0;5228
validation;7;5;9;8;567.625;582.0;4541
validation;7;5;10;8;574.125;534.0;4593
validation;7;5;11;8;654.0;617.5;5232
validation;7;5;12;8;861.625;836.0;6893
validation;7;5;13;8;771.375;768.0;6171
validation;7;5;14;8;802.125;791.0;6417
validation;7;5;15;8;812.0;774.5;6496
validation;7;5;16;8;727.75;745.0;5822
validation;7;5;17;8;735.5;710.0;5884
validation;7;5;18;8;737.375;722.0;5899
validation;7;5;19;8;610.75;617.0;4886
validation;7;5;20;8;479.875;439.5;3839
validation;7;5;21;8;336.75;333.0;2694
validation;7;5;22;8;193.25;186.5;1546
validation;7;5;23;8;144.25;138.5;1154
validation;7;6;0;8;93.25;93.0;746
validation;7;6;1;8;20.375;20.5;163
validation;7;6;2;8;0.75;0.0;6
validation;7;6;3;8;0.0;0.0;0
validation;7;6;4;8;0.5;0.0;4
validation;7;6;5;8;25.875;26.0;207
validation;7;6;6;8;133.875;136.5;1071
validation;7;6;7;8;222.375;187.0;1779
validation;7;6;8;8;364.75;381.0;2918
validation;7;6;9;8;487.625;510.0;3901
validation;7;6;10;8;410.25;392.5;3282
validation;7;6;11;8;566.125;528.0;4529
validation;7;6;12;8;651.0;664.0;5208
validation;7;6;13;8;616.875;624.5;4935
validation;7;6;14;8;672.5;685.5;5380
validation;7;6;15;8;644.125;626.0;5153
validation;7;6;16;8;599.5;583.5;4796
validation;7;6;17;8;628.75;625.0;5030
validation;7;6;18;8;643.875;653.0;5151
validation;7;6;19;8;497.75;495.0;3982
validation;7;6;20;8;420.75;405.0;3366
validation;7;6;21;8;301.125;294.0;2409
validation;7;6;22;8;160.375;165.5;1283
validation;7;6;23;8;120.25;122.0;962
validation;11;0;0;9;72.11111111111111;73.0;649
validation;11;0;1;9;12.666666666666666;9.0;114
validation;11;0;2;9;0.0;0.0;0
validation;11;0;3;9;0.0;0.0;0
validation;11;0;4;9;0.4444444444444444;0.0;4
validation;11;0;5;9;249.11111111111111;251.0;2242
validation;11;0;6;9;1374.2222222222222;1363.0;12368
validation;11;0;7;9;2373.4444444444443;2462.0;21361
validation;11;0;8;9;3051.222222222222;3144.0;27461
validation;11;0;9;9;2366.8888888888887;2360.0;21302
validation;11;0;10;9;1832.0;1843.0;16488
validation;11;0;11;9;1843.111111111111;1852.0;16588
validation;11;0;12;9;1747.6666666666667;1740.0;15729
validation;11;0;13;9;1829.6666666666667;1862.0;16467
validation;11;0;14;9;1829.2222222222222;1879.0;16463
validation;11;0;15;9;1979.2222222222222;1985.0;17813
validation;11;0;16;9;2196.1111111111113;2187.0;19765
validation;11;0;17;9;2727.0;2781.0;24543
validation;11;0;18;9;3099.222222222222;3007.0;27893
validation;11;0;19;9;2341.222222222222;2406.0;21071
validation;11;0;20;9;1361.888888888889;1391.0;12257
validation;11;0;21;9;807.8888888888889;815.0;7271
validation;11;0;22;9;374.0;376.0;3366
validation;11;0;23;9;221.0;211.0;1989
validation;11;1;0;9;55.55555555555556;62.0;500
validation;11;1;1;9;0.1111111111111111;0.0;1
validation;11;1;2;9;0.0;0.0;0
validation;11;1;3;9;0.0;0.0;0
validation;11;1;4;9;0.0;0.0;0
validation;11;1;5;9;240.44444444444446;242.0;2164
validation;11;1;6;9;1397.888888888889;1414.0;12581
validation;11;1;7;9;2531.8888888888887;2570.0;22787
validation;11;1;8;9;3367.0;3380.0;30303
validation;11;1;9;9;2422.3333333333335;2408.0;21801
validation;11;1;10;9;1935.5555555555557;1903.0;17420
validation;11;1;11;9;1809.7777777777778;1841.0;16288
validation;11;1;12;9;1796.5555555555557;1814.0;16169
validation;11;1;13;9;1915.0;1978.0;17235
validation;11;1;14;9;1930.111111111111;2014.0;17371
validation;11;1;15;9;1926.6666666666667;1938.0;17340
validation;11;1;16;9;2153.1111111111113;2201.0;19378
validation;11;1;17;9;2779.1111111111113;2830.0;25012
validation;11;1;18;9;3020.777777777778;2973.0;27187
validation;11;1;19;9;2333.0;2322.0;20997
validation;11;1;20;9;1473.0;1415.0;13257
validation;11;1;21;9;812.7777777777778;793.0;7315
validation;11;1;22;9;400.8888888888889;375.0;3608
validation;11;1;23;9;217.77777777777777;201.0;1960
validation;11;2;0;9;58.333333333333336;56.0;525
validation;11;2;1;9;0.1111111111111111;0.0;1
validation;11;2;2;9;0.0;0.0;0
validation;11;2;3;9;0.0;0.0;0
validation;11;2;4;9;0.0;0.0;0
validation;11;2;5;9;258.3333333333333;256.0;2325
validation;11;2;6;9;1274.7777777777778;1303.0;11473
validation;11;2;7;9;2503.1111111111113;2477.0;22528
validation;11;2;8;9;3216.0;3192.0;28944
validation;11;2;9;9;2327.8888888888887;2388.0;20951
validation;11;2;10;9;1845.5555555555557;1846.0;16610
validation;11;2;11;9;1942.888888888889;1897.0;17486
validation;11;2;12;9;1908.0;1926.0;17172
validation;11;2;13;9;2056.4444444444443;2082.0;18508
validation;11;2;14;9;2048.8888888888887;2105.0;18440
validation;11;2;15;9;1960.7777777777778;2038.0;17647
validation;11;2;16;9;2067.6666666666665;2055.0;18609
validation;11;2;17;9;2724.5555555555557;2734.0;24521
validation;11;2;18;9;3104.1111111111113;3093.0;27937
validation;11;2;19;9;2285.777777777778;2372.0;20572
validation;11;2;20;9;1468.3333333333333;1526.0;13215
validation;11;2;21;9;814.6666666666666;794.0;7332
validation;11;2;22;9;399.55555555555554;409.0;3596
validation;11;2;23;9;239.0;223.0;2151
validation;11;3;0;9;61.888888888888886;61.0;557
validation;11;3;1;9;1.4444444444444444;0.0;13
validation;11;3;2;9;0.0;0.0;0
validation;11;3;3;9;0.0;0.0;0
validation;11;3;4;9;0.0;0.0;0
validation;11;3;5;9;243.77777777777777;236.0;2194
validation;11;3;6;9;1375.0;1364.0;12375
validation;11;3;7;9;2447.0;2400.0;22023
validation;11;3;8;9;3114.3333333333335;3077.0;28029
validation;11;3;9;9;2371.3333333333335;2467.0;21342
validation;11;3;10;9;2122.0;2131.0;19098
validation;11;3;11;9;1887.0;1945.0;16983
validation;11;3;12;9;2083.222222222222;2003.0;18749
validation;11;3;13;9;2064.5555555555557;2021.0;18581
validation;11;3;14;9;2048.0;1964.0;18432
validation;11;3;15;9;1966.3333333333333;1977.0;17697
validation;11;3;16;9;2236.3333333333335;2217.0;20127
validation;11;3;17;9;2751.4444444444443;2700.0;24763
validation;11;3;18;9;3234.3333333333335;3241.0;29109
validation;11;3;19;9;2349.4444444444443;2345.0;21145
validation;11;3;20;9;1516.6666666666667;1517.0;13650
validation;11;3;21;9;881.0;822.0;7929
validation;11;3;22;9;443.22222222222223;418.0;3989
validation;11;3;23;9;254.22222222222223;256.0;2288
validation;11;4;0;9;64.88888888888889;63.0;584
validation;11;4;1;9;2.2222222222222223;1.0;20
validation;11;4;2;9;0.0;0.0;0
validation;11;4;3;9;0.0;0.0;0
validation;11;4;4;9;0.0;0.0;0
validation;11;4;5;9;248.22222222222223;239.0;2234
validation;11;4;6;9;1334.6666666666667;1334.0;12012
validation;11;4;7;9;2421.8888888888887;2386.0;21797
validation;11;4;8;9;3187.1111111111113;3089.0;28684
validation;11;4;9;9;2307.777777777778;2344.0;20770
validation;11;4;10;9;1891.4444444444443;1950.0;17023
validation;11;4;11;9;1835.7777777777778;1885.0;16522
validation;11;4;12;9;1834.0;1941.0;16506
validation;11;4;13;9;1829.6666666666667;1909.0;16467
validation;11;4;14;9;1989.888888888889;1946.0;17909
validation;11;4;15;9;2160.5555555555557;2242.0;19445
validation;11;4;16;9;2378.4444444444443;2350.0;21406
validation;11;4;17;9;2906.0;2840.0;26154
validation;11;4;18;9;2422.6666666666665;2534.0;21804
validation;11;4;19;9;2007.888888888889;2045.0;18071
validation;11;4;20;9;1412.111111111111;1454.0;12709
validation;11;4;21;9;848.2222222222222;831.0;7634
validation;11;4;22;9;429.1111111111111;435.0;3862
validation;11;4;23;9;331.6666666666667;317.0;2985
validation;11;5;0;8;101.125;104.0;809
validation;11;5;1;8;1.5;0.5;12
validation;11;5;2;8;0.0;0.0;0
validation;11;5;3;8;0.0;0.0;0
validation;11;5;4;8;0.0;0.0;0
validation;11;5;5;8;194.375;187.5;1555
validation;11;5;6;8;911.125;932.0;7289
validation;11;5;7;8;798.125;774.0;6385
validation;11;5;8;8;1134.875;1064.0;9079
validation;11;5;9;8;1199.625;1158.5;9597
validation;11;5;10;8;1368.5;1400.0;10948
validation;11;5;11;8;1680.0;1680.0;13440
validation;11;5;12;8;1939.75;1918.5;15518
validation;11;5;13;8;1842.625;1843.5;14741
validation;11;5;14;8;1919.125;1928.5;15353
validation;11;5;15;8;1786.125;1789.0;14289
validation;11;5;16;8;1811.75;1835.5;14494
validation;11;5;17;8;1878.875;1917.5;15031
validation;11;5;18;8;1588.25;1596.0;12706
validation;11;5;19;8;1639.75;1579.0;13118
validation;11;5;20;8;1073.125;1056.5;8585
validation;11;5;21;8;777.625;743.5;6221
validation;11;5;22;8;457.5;472.0;3660
validation;11;5;23;8;298.75;297.0;2390
validation;11;6;0;8;113.0;117.0;904
validation;11;6;1;8;20.625;16.5;165
validation;11;6;2;8;1.5;0.0;12
validation;11;6;3;8;0.0;0.0;0
validation;11;6;4;8;0.0;0.0;0
validation;11;6;5;8;105.5;103.0;844
validation;11;6;6;8;563.0;536.0;4504
validation;11;6;7;8;524.75;526.0;4198
validation;11;6;8;8;732.875;691.0;5863
validation;11;6;9;8;973.375;1037.5;7787
validation;11;6;10;8;1062.0;1040.0;8496
validation;11;6;11;8;1525.75;1516.0;12206
validation;11;6;12;8;1650.375;1645.0;13203
validation;11;6;13;8;1609.0;1629.0;12872
validation;11;6;14;8;1671.0;1656.0;13368
validation;11;6;15;8;1702.0;1754.5;13616
validation;11;6;16;8;1649.0;1622.0;13192
validation;11;6;17;8;1809.25;1850.0;14474
validation;11;6;18;8;1394.125;1448.0;11153
validation;11;6;19;8;1173.5;1122.0;9388
validation;11;6;20;8;898.375;873.0;7187
validation;11;6;21;8;642.625;608.0;5141
validation;11;6;22;8;391.875;365.5;3135
validation;11;6;23;8;255.125;256.0;2041
validation;12;0;0;9;64.44444444444444;59.0;580
validation;12;0;1;9;2.7777777777777777;2.0;25
validation;12;0;2;9;0.0;0.0;0
validation;12;0;3;9;0.0;0.0;0
validation;12;0;4;9;6.666666666666667;6.0;60
validation;12;0;5;9;313.8888888888889;309.0;2825
validation;12;0;6;9;1433.2222222222222;1455.0;12899
validation;12;0;7;9;2710.777777777778;2711.0;24397
validation;12;0;8;9;3508.8888888888887;3458.0;31580
validation;12;0;9;9;2345.777777777778;2321.0;21112
validation;12;0;10;9;1889.888888888889;1863.0;17009
validation;12;0;11;9;1852.7777777777778;1793.0;16675
validation;12;0;12;9;1956.6666666666667;1909.0;17610
validation;12;0;13;9;1861.2222222222222;1882.0;16751
validation;12;0;14;9;1778.888888888889;1829.0;16010
validation;12;0;15;9;2113.1111111111113;2109.0;19018
validation;12;0;16;9;2549.0;2512.0;22941
validation;12;0;17;9;2923.8888888888887;2950.0;26315
validation;12;0;18;9;3099.5555555555557;3136.0;27896
validation;12;0;19;9;2452.4444444444443;2468.0;22072
validation;12;0;20;9;1588.3333333333333;1560.0;14295
validation;12;0;21;9;973.0;965.0;8757
validation;12;0;22;9;460.6666666666667;457.0;4146
validation;12;0;23;9;226.88888888888889;228.0;2042
validation;12;1;0;9;43.333333333333336;44.0;390
validation;12;1;1;9;0.5555555555555556;0.0;5
validation;12;1;2;9;0.0;0.0;0
validation;12;1;3;9;0.0;0.0;0
validation;12;1;4;9;6.333333333333333;6.0;57
validation;12;1;5;9;348.22222222222223;335.0;3134
validation;12;1;6;9;1483.0;1452.0;13347
validation;12;1;7;9;2793.3333333333335;2815.0;25140
validation;12;1;8;9;3715.3333333333335;3523.0;33438
validation;12;1;9;9;2423.3333333333335;2366.0;21810
validation;12;1;10;9;1980.7777777777778;1998.0;17827
validation;12;1;11;9;1914.6666666666667;1901.0;17232
validation;12;1;12;9;1943.111111111111;2032.0;17488
validation;12;1;13;9;2028.5555555555557;2016.0;18257
validation;12;1;14;9;1920.5555555555557;1914.0;17285
validation;12;1;15;9;2115.777777777778;2153.0;19042
validation;12;1;16;9;2562.8888888888887;2611.0;23066
validation;12;1;17;9;2972.5555555555557;2998.0;26753
validation;12;1;18;9;3217.4444444444443;3185.0;28957
validation;12;1;19;9;2455.6666666666665;2500.0;22101
validation;12;1;20;9;1498.888888888889;1522.0;13490
validation;12;1;21;9;972.6666666666666;956.0;8754
validation;12;1;22;9;454.55555555555554;440.0;4091
validation;12;1;23;9;244.66666666666666;241.0;2202
validation;12;2;0;9;60.44444444444444;62.0;544
validation;12;2;1;9;1.2222222222222223;0.0;11
validation;12;2;2;9;0.0;0.0;0
validation;12;2;3;9;0.0;0.0;0
validation;12;2;4;9;7.111111111111111;7.0;64
validation;12;2;5;9;346.0;337.0;3114
validation;12;2;6;9;1533.111111111111;1536.0;13798
validation;12;2;7;9;2778.4444444444443;2681.0;25006
validation;12;2;8;9;3639.5555555555557;3596.0;32756
validation;12;2;9;9;2593.5555555555557;2533.0;23342
validation;12;2;10;9;2088.222222222222;2090.0;18794
validation;12;2;11;9;1904.0;1901.0;17136
validation;12;2;12;9;2005.6666666666667;2030.0;18051
validation;12;2;13;9;1926.2222222222222;2031.0;17336
validation;12;2;14;9;1871.0;1849.0;16839
validation;12;2;15;9;2170.222222222222;2137.0;19532
validation;12;2;16;9;2659.777777777778;2621.0;23938
validation;12;2;17;9;2914.777777777778;2894.0;26233
validation;12;2;18;9;3134.0;3138.0;28206
validation;12;2;19;9;2542.8888888888887;2483.0;22886
validation;12;2;20;9;1496.4444444444443;1514.0;13468
validation;12;2;21;9;1023.0;1012.0;9207
validation;12;2;22;9;508.8888888888889;507.0;4580
validation;12;2;23;9;271.77777777777777;265.0;2446
validation;12;3;0;9;48.77777777777778;52.0;439
validation;12;3;1;9;1.5555555555555556;2.0;14
validation;12;3;2;9;0.0;0.0;0
validation;12;3;3;9;0.0;0.0;0
validation;12;3;4;9;7.222222222222222;7.0;65
validation;12;3;5;9;332.77777777777777;308.0;2995
validation;12;3;6;9;1484.7777777777778;1502.0;13363
validation;12;3;7;9;2830.8888888888887;2867.0;25478
validation;12;3;8;9;3678.6666666666665;3664.0;33108
validation;12;3;9;9;2436.222222222222;2353.0;21926
validation;12;3;10;9;1973.6666666666667;1902.0;17763
validation;12;3;11;9;1881.4444444444443;1906.0;16933
validation;12;3;12;9;1958.7777777777778;1875.0;17629
validation;12;3;13;9;2015.7777777777778;2018.0;18142
validation;12;3;14;9;1917.3333333333333;1941.0;17256
validation;12;3;15;9;2209.4444444444443;2266.0;19885
validation;12;3;16;9;2677.3333333333335;2757.0;24096
validation;12;3;17;9;3041.8888888888887;3056.0;27377
validation;12;3;18;9;3240.777777777778;3185.0;29167
validation;12;3;19;9;2559.1111111111113;2469.0;23032
validation;12;3;20;9;1610.2222222222222;1592.0;14492
validation;12;3;21;9;976.1111111111111;943.0;8785
validation;12;3;22;9;502.8888888888889;493.0;4526
validation;12;3;23;9;260.6666666666667;262.0;2346
validation;12;4;0;9;50.333333333333336;54.0;453
validation;12;4;1;9;0.8888888888888888;0.0;8
validation;12;4;2;9;0.0;0.0;0
validation;12;4;3;9;0.0;0.0;0
validation;12;4;4;9;6.333333333333333;7.0;57
validation;12;4;5;9;341.3333333333333;324.0;3072
validation;12;4;6;9;1460.0;1422.0;13140
validation;12;4;7;9;2749.777777777778;2793.0;24748
validation;12;4;8;9;3412.6666666666665;3420.0;30714
validation;12;4;9;9;2404.0;2398.0;21636
validation;12;4;10;9;1827.2222222222222;1827.0;16445
validation;12;4;11;9;1754.7777777777778;1661.0;15793
validation;12;4;12;9;1831.2222222222222;1863.0;16481
validation;12;4;13;9;1978.7777777777778;2023.0;17809
validation;12;4;14;9;1947.111111111111;1938.0;17524
validation;12;4;15;9;2202.4444444444443;2239.0;19822
validation;12;4;16;9;2810.5555555555557;2719.0;25295
validation;12;4;17;9;2910.5555555555557;2910.0;26195
validation;12;4;18;9;2420.3333333333335;2589.0;21783
validation;12;4;19;9;2188.777777777778;2207.0;19699
validation;12;4;20;9;1378.0;1412.0;12402
validation;12;4;21;9;1036.3333333333333;1053.0;9327
validation;12;4;22;9;501.3333333333333;507.0;4512
validation;12;4;23;9;307.3333333333333;305.0;2766
validation;12;5;0;8;65.75;70.5;526
validation;12;5;1;8;2.375;2.0;19
validation;12;5;2;8;0.0;0.0;0
validation;12;5;3;8;0.0;0.0;0
validation;12;5;4;8;2.0;1.5;16
validation;12;5;5;8;247.375;243.5;1979
validation;12;5;6;8;899.0;948.0;7192
validation;12;5;7;8;961.375;941.5;7691
validation;12;5;8;8;1073.375;1050.0;8587
validation;12;5;9;8;1252.25;1229.5;10018
validation;12;5;10;8;1431.5;1437.0;11452
validation;12;5;11;8;1449.0;1452.0;11592
validation;12;5;12;8;1441.125;1396.0;11529
validation;12;5;13;8;1634.25;1628.0;13074
validation;12;5;14;8;1553.5;1580.5;12428
validation;12;5;15;8;1463.75;1490.5;11710
validation;12;5;16;8;1586.125;1650.0;12689
validation;12;5;17;8;1520.625;1558.0;12165
validation;12;5;18;8;1493.125;1468.5;11945
validation;12;5;19;8;1462.375;1418.0;11699
validation;12;5;20;8;972.5;982.5;7780
validation;12;5;21;8;792.0;814.0;6336
validation;12;5;22;8;412.5;400.5;3300
validation;12;5;23;8;289.875;294.0;2319
validation;12;6;0;8;84.625;84.5;677
validation;12;6;1;8;6.625;5.5;53
validation;12;6;2;8;0.0;0.0;0
validation;12;6;3;8;0.0;0.0;0
validation;12;6;4;8;3.375;3.0;27
validation;12;6;5;8;160.625;157.0;1285
validation;12;6;6;8;572.125;528.5;4577
validation;12;6;7;8;738.75;733.5;5910
validation;12;6;8;8;750.0;737.5;6000
validation;12;6;9;8;944.25;948.0;7554
validation;12;6;10;8;1148.375;1167.5;9187
validation;12;6;11;8;1288.0;1299.0;10304
validation;12;6;12;8;1340.375;1375.5;10723
validation;12;6;13;8;1520.25;1568.0;12162
validation;12;6;14;8;1494.375;1483.5;11955
validation;12;6;15;8;1446.875;1410.5;11575
validation;12;6;16;8;1519.125;1535.5;12153
validation;12;6;17;8;1577.75;1587.0;12622
validation;12;6;18;8;1404.25;1421.5;11234
validation;12;6;19;8;1069.5;1075.0;8556
validation;12;6;20;8;823.125;853.0;6585
validation;12;6;21;8;611.125;613.5;4889
validation;12;6;22;8;394.25;397.0;3154
validation;12;6;23;8;213.75;206.5;1710
validation;17;0;0;9;120.22222222222223;123.0;1082
validation;17;0;1;9;15.777777777777779;15.0;142
validation;17;0;2;9;0.0;0.0;0
validation;17;0;3;9;0.0;0.0;0
validation;17;0;4;9;24.88888888888889;24.0;224
validation;17;0;5;9;303.44444444444446;300.0;2731
validation;17;0;6;9;1519.5555555555557;1505.0;13676
validation;17;0;7;9;4179.0;4204.0;37611
validation;17;0;8;9;5314.777777777777;5338.0;47833
validation;17;0;9;9;3728.222222222222;3725.0;33554
validation;17;0;10;9;2853.6666666666665;2839.0;25683
validation;17;0;11;9;2795.6666666666665;2776.0;25161
validation;17;0;12;9;2809.5555555555557;2798.0;25286
validation;17;0;13;9;2907.4444444444443;2922.0;26167
validation;17;0;14;9;2951.3333333333335;3060.0;26562
validation;17;0;15;9;3158.1111111111113;3229.0;28423
validation;17;0;16;9;3519.3333333333335;3594.0;31674
validation;17;0;17;9;4288.555555555556;4307.0;38597
validation;17;0;18;9;4655.0;4619.0;41895
validation;17;0;19;9;3184.8888888888887;3314.0;28664
validation;17;0;20;9;2214.777777777778;2257.0;19933
validation;17;0;21;9;1365.4444444444443;1348.0;12289
validation;17;0;22;9;692.3333333333334;717.0;6231
validation;17;0;23;9;319.6666666666667;327.0;2877
validation;17;1;0;9;109.77777777777777;107.0;988
validation;17;1;1;9;11.666666666666666;11.0;105
validation;17;1;2;9;0.0;0.0;0
validation;17;1;3;9;0.0;0.0;0
validation;17;1;4;9;23.11111111111111;25.0;208
validation;17;1;5;9;310.22222222222223;300.0;2792
validation;17;1;6;9;1564.3333333333333;1553.0;14079
validation;17;1;7;9;4312.444444444444;4345.0;38812
validation;17;1;8;9;5447.333333333333;5479.0;49026
validation;17;1;9;9;3769.3333333333335;3841.0;33924
validation;17;1;10;9;2918.0;2987.0;26262
validation;17;1;11;9;2864.8888888888887;2833.0;25784
validation;17;1;12;9;2891.4444444444443;2969.0;26023
validation;17;1;13;9;2985.0;3008.0;26865
validation;17;1;14;9;3125.1111111111113;3097.0;28126
validation;17;1;15;9;3104.777777777778;3216.0;27943
validation;17;1;16;9;3478.8888888888887;3537.0;31310
validation;17;1;17;9;4517.777777777777;4575.0;40660
validation;17;1;18;9;4889.888888888889;4869.0;44009
validation;17;1;19;9;3407.6666666666665;3387.0;30669
validation;17;1;20;9;2333.3333333333335;2341.0;21000
validation;17;1;21;9;1420.6666666666667;1426.0;12786
validation;17;1;22;9;712.5555555555555;733.0;6413
validation;17;1;23;9;349.22222222222223;353.0;3143
validation;17;2;0;9;115.44444444444444;119.0;1039
validation;17;2;1;9;10.11111111111111;9.0;91
validation;17;2;2;9;0.0;0.0;0
validation;17;2;3;9;0.0;0.0;0
validation;17;2;4;9;23.88888888888889;24.0;215
validation;17;2;5;9;302.77777777777777;304.0;2725
validation;17;2;6;9;1544.5555555555557;1541.0;13901
validation;17;2;7;9;4211.777777777777;4273.0;37906
validation;17;2;8;9;5231.444444444444;5291.0;47083
validation;17;2;9;9;3533.222222222222;3812.0;31799
validation;17;2;10;9;2902.222222222222;3011.0;26120
validation;17;2;11;9;2904.3333333333335;2867.0;26139
validation;17;2;12;9;2976.777777777778;2886.0;26791
validation;17;2;13;9;2994.777777777778;3016.0;26953
validation;17;2;14;9;3084.5555555555557;3017.0;27761
validation;17;2;15;9;3236.222222222222;3272.0;29126
validation;17;2;16;9;3546.0;3658.0;31914
validation;17;2;17;9;4421.0;4473.0;39789
validation;17;2;18;9;4782.777777777777;4827.0;43045
validation;17;2;19;9;3389.0;3328.0;30501
validation;17;2;20;9;2321.4444444444443;2346.0;20893
validation;17;2;21;9;1469.888888888889;1463.0;13229
validation;17;2;22;9;750.7777777777778;760.0;6757
validation;17;2;23;9;372.0;373.0;3348
validation;17;3;0;9;137.22222222222223;144.0;1235
validation;17;3;1;9;11.333333333333334;10.0;102
validation;17;3;2;9;0.0;0.0;0
validation;17;3;3;9;0.0;0.0;0
validation;17;3;4;9;24.11111111111111;24.0;217
validation;17;3;5;9;314.77777777777777;313.0;2833
validation;17;3;6;9;1539.6666666666667;1527.0;13857
validation;17;3;7;9;4308.333333333333;4328.0;38775
validation;17;3;8;9;5370.777777777777;5398.0;48337
validation;17;3;9;9;3781.3333333333335;3766.0;34032
validation;17;3;10;9;3001.777777777778;2936.0;27016
validation;17;3;11;9;2936.1111111111113;2904.0;26425
validation;17;3;12;9;3003.5555555555557;3056.0;27032
validation;17;3;13;9;3050.8888888888887;3003.0;27458
validation;17;3;14;9;3083.777777777778;3026.0;27754
validation;17;3;15;9;3266.5555555555557;3201.0;29399
validation;17;3;16;9;3686.6666666666665;3663.0;33180
validation;17;3;17;9;4500.555555555556;4462.0;40505
validation;17;3;18;9;4788.888888888889;4823.0;43100
validation;17;3;19;9;3413.222222222222;3435.0;30719
validation;17;3;20;9;2381.222222222222;2389.0;21431
validation;17;3;21;9;1502.888888888889;1489.0;13526
validation;17;3;22;9;772.0;747.0;6948
validation;17;3;23;9;391.1111111111111;389.0;3520
validation;17;4;0;9;141.88888888888889;145.0;1277
validation;17;4;1;9;14.555555555555555;13.0;131
validation;17;4;2;9;0.0;0.0;0
validation;17;4;3;9;0.0;0.0;0
validation;17;4;4;9;24.333333333333332;25.0;219
validation;17;4;5;9;305.55555555555554;308.0;2750
validation;17;4;6;9;1527.111111111111;1536.0;13744
validation;17;4;7;9;4177.333333333333;4242.0;37596
validation;17;4;8;9;5209.666666666667;5170.0;46887
validation;17;4;9;9;3697.4444444444443;3658.0;33277
validation;17;4;10;9;2930.3333333333335;2942.0;26373
validation;17;4;11;9;2987.222222222222;2918.0;26885
validation;17;4;12;9;2965.6666666666665;2912.0;26691
validation;17;4;13;9;3080.777777777778;3072.0;27727
validation;17;4;14;9;3144.6666666666665;3134.0;28302
validation;17;4;15;9;3437.3333333333335;3400.0;30936
validation;17;4;16;9;4026.222222222222;3938.0;36236
validation;17;4;17;9;4583.222222222223;4641.0;41249
validation;17;4;18;9;4296.777777777777;4335.0;38671
validation;17;4;19;9;3290.777777777778;3309.0;29617
validation;17;4;20;9;2339.8888888888887;2339.0;21059
validation;17;4;21;9;1569.4444444444443;1509.0;14125
validation;17;4;22;9;842.4444444444445;871.0;7582
validation;17;4;23;9;477.55555555555554;466.0;4298
validation;17;5;0;8;198.875;198.0;1591
validation;17;5;1;8;26.875;26.0;215
validation;17;5;2;8;0.0;0.0;0
validation;17;5;3;8;0.0;0.0;0
validation;17;5;4;8;5.625;5.5;45
validation;17;5;5;8;133.5;132.5;1068
validation;17;5;6;8;599.0;598.5;4792
validation;17;5;7;8;1290.5;1299.0;10324
validation;17;5;8;8;1786.625;1787.0;14293
validation;17;5;9;8;2226.625;2201.5;17813
validation;17;5;10;8;2458.0;2428.0;19664
validation;17;5;11;8;2843.375;2927.0;22747
validation;17;5;12;8;3110.625;3125.0;24885
validation;17;5;13;8;3315.125;3338.0;26521
validation;17;5;14;8;3300.5;3285.0;26404
validation;17;5;15;8;3329.5;3375.0;26636
validation;17;5;16;8;3326.125;3395.0;26609
validation;17;5;17;8;3147.0;3175.5;25176
validation;17;5;18;8;2861.75;2968.0;22894
validation;17;5;19;8;2410.25;2428.5;19282
validation;17;5;20;8;1861.125;1903.5;14889
validation;17;5;21;8;1327.0;1348.0;10616
validation;17;5;22;8;832.125;840.0;6657
validation;17;5;23;8;436.375;431.5;3491
validation;17;6;0;8;188.375;187.0;1507
validation;17;6;1;8;29.375;25.0;235
validation;17;6;2;8;1.25;0.0;10
validation;17;6;3;8;0.0;0.0;0
validation;17;6;4;8;3.75;4.0;30
validation;17;6;5;8;108.375;111.5;867
validation;17;6;6;8;442.0;429.0;3536
validation;17;6;7;8;854.0;864.5;6832
validation;17;6;8;8;1237.625;1229.0;9901
validation;17;6;9;8;1684.75;1666.5;13478
validation;17;6;10;8;1951.25;1937.0;15610
validation;17;6;11;8;2484.5;2483.0;19876
validation;17;6;12;8;2787.375;2831.5;22299
validation;17;6;13;8;3115.875;3159.5;24927
validation;17;6;14;8;3230.5;3203.5;25844
validation;17;6;15;8;3166.625;3115.0;25333
validation;17;6;16;8;3126.625;3165.0;25013
validation;17;6;17;8;3038.875;3022.5;24311
validation;17;6;18;8;2681.25;2637.5;21450
validation;17;6;19;8;2176.5;2167.5;17412
validation;17;6;20;8;1638.75;1588.0;13110
validation;17;6;21;8;1155.5;1143.0;9244
validation;17;6;22;8;706.75;712.0;5654
validation;17;6;23;8;319.25;322.0;2554
validation;25;0;0;9;8.222222222222221;8.0;74
validation;25;0;1;9;0.2222222222222222;0.0;2
validation;25;0;2;9;0.0;0.0;0
validation;25;0;3;9;0.0;0.0;0
validation;25;0;4;9;0.0;0.0;0
validation;25;0;5;9;11.555555555555555;8.0;104
validation;25;0;6;9;183.55555555555554;149.0;1652
validation;25;0;7;9;518.7777777777778;530.0;4669
validation;25;0;8;9;891.7777777777778;840.0;8026
validation;25;0;9;9;489.8888888888889;462.0;4409
validation;25;0;10;9;326.77777777777777;326.0;2941
validation;25;0;11;9;393.0;381.0;3537
validation;25;0;12;9;380.8888888888889;388.0;3428
validation;25;0;13;9;550.5555555555555;558.0;4955
validation;25;0;14;9;430.44444444444446;467.0;3874
validation;25;0;15;9;472.6666666666667;486.0;4254
validation;25;0;16;9;659.4444444444445;632.0;5935
validation;25;0;17;9;737.5555555555555;727.0;6638
validation;25;0;18;9;805.3333333333334;752.0;7248
validation;25;0;19;9;538.2222222222222;594.0;4844
validation;25;0;20;9;306.22222222222223;294.0;2756
validation;25;0;21;9;197.66666666666666;213.0;1779
validation;25;0;22;9;100.11111111111111;85.0;901
validation;25;0;23;9;16.333333333333332;5.0;147
validation;25;1;0;9;6.555555555555555;0.0;59
validation;25;1;1;9;0.0;0.0;0
validation;25;1;2;9;0.0;0.0;0
validation;25;1;3;9;0.0;0.0;0
validation;25;1;4;9;0.0;0.0;0
validation;25;1;5;9;10.0;4.0;90
validation;25;1;6;9;189.11111111111111;133.0;1702
validation;25;1;7;9;518.4444444444445;506.0;4666
validation;25;1;8;9;942.5555555555555;933.0;8483
validation;25;1;9;9;446.3333333333333;439.0;4017
validation;25;1;10;9;346.22222222222223;350.0;3116
validation;25;1;11;9;401.0;397.0;3609
validation;25;1;12;9;388.22222222222223;390.0;3494
validation;25;1;13;9;483.3333333333333;460.0;4350
validation;25;1;14;9;443.1111111111111;452.0;3988
validation;25;1;15;9;510.0;488.0;4590
validation;25;1;16;9;652.4444444444445;635.0;5872
validation;25;1;17;9;694.5555555555555;694.0;6251
validation;25;1;18;9;743.7777777777778;754.0;6694
validation;25;1;19;9;518.7777777777778;560.0;4669
validation;25;1;20;9;318.1111111111111;293.0;2863
validation;25;1;21;9;204.33333333333334;194.0;1839
validation;25;1;22;9;87.33333333333333;81.0;786
validation;25;1;23;9;8.444444444444445;5.0;76
validation;25;2;0;9;0.8888888888888888;0.0;8
validation;25;2;1;9;0.6666666666666666;0.0;6
validation;25;2;2;9;0.0;0.0;0
validation;25;2;3;9;0.0;0.0;0
validation;25;2;4;9;0.0;0.0;0
validation;25;2;5;9;12.333333333333334;7.0;111
validation;25;2;6;9;196.22222222222223;143.0;1766
validation;25;2;7;9;519.6666666666666;529.0;4677
validation;25;2;8;9;896.0;866.0;8064
validation;25;2;9;9;465.77777777777777;464.0;4192
validation;25;2;10;9;368.44444444444446;363.0;3316
validation;25;2;11;9;424.22222222222223;411.0;3818
validation;25;2;12;9;414.3333333333333;427.0;3729
validation;25;2;13;9;562.4444444444445;536.0;5062
validation;25;2;14;9;410.1111111111111;425.0;3691
validation;25;2;15;9;552.5555555555555;561.0;4973
validation;25;2;16;9;628.7777777777778;670.0;5659
validation;25;2;17;9;773.7777777777778;772.0;6964
validation;25;2;18;9;829.2222222222222;808.0;7463
validation;25;2;19;9;585.7777777777778;528.0;5272
validation;25;2;20;9;324.6666666666667;325.0;2922
validation;25;2;21;9;230.11111111111111;226.0;2071
validation;25;2;22;9;99.77777777777777;100.0;898
validation;25;2;23;9;7.888888888888889;8.0;71
validation;25;3;0;9;1.2222222222222223;0.0;11
validation;25;3;1;9;0.0;0.0;0
validation;25;3;2;9;0.0;0.0;0
validation;25;3;3;9;0.0;0.0;0
validation;25;3;4;9;0.0;0.0;0
validation;25;3;5;9;13.11111111111111;7.0;118
validation;25;3;6;9;199.77777777777777;205.0;1798
validation;25;3;7;9;528.6666666666666;527.0;4758
validation;25;3;8;9;869.2222222222222;841.0;7823
validation;25;3;9;9;436.55555555555554;441.0;3929
validation;25;3;10;9;365.0;343.0;3285
validation;25;3;11;9;398.6666666666667;393.0;3588
validation;25;3;12;9;403.55555555555554;384.0;3632
validation;25;3;13;9;535.0;516.0;4815
validation;25;3;14;9;511.6666666666667;482.0;4605
validation;25;3;15;9;588.1111111111111;584.0;5293
validation;25;3;16;9;655.8888888888889;685.0;5903
validation;25;3;17;9;707.6666666666666;721.0;6369
validation;25;3;18;9;741.6666666666666;759.0;6675
validation;25;3;19;9;536.3333333333334;554.0;4827
validation;25;3;20;9;308.1111111111111;295.0;2773
validation;25;3;21;9;213.44444444444446;207.0;1921
validation;25;3;22;9;90.0;89.0;810
validation;25;3;23;9;3.6666666666666665;4.0;33
validation;25;4;0;9;0.0;0.0;0
validation;25;4;1;9;0.0;0.0;0
validation;25;4;2;9;0.0;0.0;0
validation;25;4;3;9;0.0;0.0;0
validation;25;4;4;9;0.0;0.0;0
validation;25;4;5;9;11.11111111111111;12.0;100
validation;25;4;6;9;205.44444444444446;212.0;1849
validation;25;4;7;9;539.1111111111111;534.0;4852
validation;25;4;8;9;832.0;815.0;7488
validation;25;4;9;9;424.44444444444446;420.0;3820
validation;25;4;10;9;360.77777777777777;329.0;3247
validation;25;4;11;9;436.77777777777777;433.0;3931
validation;25;4;12;9;414.77777777777777;422.0;3733
validation;25;4;13;9;563.4444444444445;515.0;5071
validation;25;4;14;9;488.0;487.0;4392
validation;25;4;15;9;619.8888888888889;607.0;5579
validation;25;4;16;9;775.3333333333334;752.0;6978
validation;25;4;17;9;778.3333333333334;738.0;7005
validation;25;4;18;9;715.4444444444445;704.0;6439
validation;25;4;19;9;575.6666666666666;569.0;5181
validation;25;4;20;9;342.77777777777777;316.0;3085
validation;25;4;21;9;210.11111111111111;219.0;1891
validation;25;4;22;9;113.22222222222223;115.0;1019
validation;25;4;23;9;18.22222222222222;15.0;164
validation;25;5;0;8;6.625;0.0;53
validation;25;5;1;8;0.0;0.0;0
validation;25;5;2;8;0.0;0.0;0
validation;25;5;3;8;0.0;0.0;0
validation;25;5;4;8;0.0;0.0;0
validation;25;5;5;8;11.375;9.0;91
validation;25;5;6;8;91.0;86.5;728
validation;25;5;7;8;132.25;133.0;1058
validation;25;5;8;8;316.5;317.0;2532
validation;25;5;9;8;296.375;299.5;2371
validation;25;5;10;8;286.125;271.5;2289
validation;25;5;11;8;365.125;384.0;2921
validation;25;5;12;8;384.5;375.0;3076
validation;25;5;13;8;587.875;592.5;4703
validation;25;5;14;8;584.625;609.0;4677
validation;25;5;15;8;683.25;656.0;5466
validation;25;5;16;8;629.25;588.5;5034
validation;25;5;17;8;531.875;526.5;4255
validation;25;5;18;8;540.0;526.5;4320
validation;25;5;19;8;441.125;448.5;3529
validation;25;5;20;8;275.375;265.5;2203
validation;25;5;21;8;209.25;194.5;1674
validation;25;5;22;8;139.625;124.5;1117
validation;25;5;23;8;45.5;49.5;364
validation;25;6;0;8;14.375;13.5;115
validation;25;6;1;8;0.375;0.0;3
validation;25;6;2;8;0.0;0.0;0
validation;25;6;3;8;0.0;0.0;0
validation;25;6;4;8;0.0;0.0;0
validation;25;6;5;8;6.375;4.5;51
validation;25;6;6;8;77.875;67.5;623
validation;25;6;7;8;106.375;103.5;851
validation;25;6;8;8;185.75;183.0;1486
validation;25;6;9;8;214.75;221.5;1718
validation;25;6;10;8;221.0;215.0;1768
validation;25;6;11;8;293.75;296.5;2350
validation;25;6;12;8;378.625;369.0;3029
validation;25;6;13;8;485.25;501.5;3882
validation;25;6;14;8;534.875;493.5;4279
validation;25;6;15;8;669.75;654.0;5358
validation;25;6;16;8;550.0;519.0;4400
validation;25;6;17;8;537.75;521.0;4302
validation;25;6;18;8;470.5;454.5;3764
validation;25;6;19;8;351.625;335.5;2813
validation;25;6;20;8;235.375;253.5;1883
validation;25;6;21;8;176.5;165.5;1412
validation;25;6;22;8;99.875;97.5;799
validation;25;6;23;8;35.0;34.5;280
validation;26;0;0;9;30.0;27.0;270
validation;26;0;1;9;1.8888888888888888;2.0;17
validation;26;0;2;9;0.1111111111111111;0.0;1
validation;26;0;3;9;0.0;0.0;0
validation;26;0;4;9;1.7777777777777777;1.0;16
validation;26;0;5;9;87.0;92.0;783
validation;26;0;6;9;470.8888888888889;480.0;4238
validation;26;0;7;9;1125.7777777777778;1110.0;10132
validation;26;0;8;9;2106.4444444444443;2103.0;18958
validation;26;0;9;9;1394.2222222222222;1404.0;12548
validation;26;0;10;9;1165.0;1204.0;10485
validation;26;0;11;9;980.4444444444445;1008.0;8824
validation;26;0;12;9;1016.5555555555555;1008.0;9149
validation;26;0;13;9;1139.2222222222222;1119.0;10253
validation;26;0;14;9;1207.6666666666667;1223.0;10869
validation;26;0;15;9;1309.5555555555557;1345.0;11786
validation;26;0;16;9;1424.888888888889;1480.0;12824
validation;26;0;17;9;1668.6666666666667;1657.0;15018
validation;26;0;18;9;1867.5555555555557;1867.0;16808
validation;26;0;19;9;1185.4444444444443;1201.0;10669
validation;26;0;20;9;775.8888888888889;759.0;6983
validation;26;0;21;9;452.6666666666667;456.0;4074
validation;26;0;22;9;214.11111111111111;207.0;1927
validation;26;0;23;9;111.66666666666667;112.0;1005
validation;26;1;0;9;31.77777777777778;32.0;286
validation;26;1;1;9;0.8888888888888888;1.0;8
validation;26;1;2;9;0.0;0.0;0
validation;26;1;3;9;0.0;0.0;0
validation;26;1;4;9;0.8888888888888888;0.0;8
validation;26;1;5;9;85.33333333333333;84.0;768
validation;26;1;6;9;482.8888888888889;489.0;4346
validation;26;1;7;9;1105.4444444444443;1097.0;9949
validation;26;1;8;9;2257.222222222222;2232.0;20315
validation;26;1;9;9;1454.3333333333333;1437.0;13089
validation;26;1;10;9;1223.0;1168.0;11007
validation;26;1;11;9;1124.2222222222222;1104.0;10118
validation;26;1;12;9;1135.4444444444443;1132.0;10219
validation;26;1;13;9;1119.2222222222222;1115.0;10073
validation;26;1;14;9;1247.0;1250.0;11223
validation;26;1;15;9;1326.6666666666667;1255.0;11940
validation;26;1;16;9;1475.7777777777778;1489.0;13282
validation;26;1;17;9;1804.2222222222222;1728.0;16238
validation;26;1;18;9;1939.111111111111;1970.0;17452
validation;26;1;19;9;1330.111111111111;1339.0;11971
validation;26;1;20;9;768.7777777777778;768.0;6919
validation;26;1;21;9;471.55555555555554;465.0;4244
validation;26;1;22;9;219.66666666666666;228.0;1977
validation;26;1;23;9;116.44444444444444;120.0;1048
validation;26;2;0;9;37.111111111111114;38.0;334
validation;26;2;1;9;1.1111111111111112;1.0;10
validation;26;2;2;9;0.0;0.0;0
validation;26;2;3;9;0.0;0.0;0
validation;26;2;4;9;2.4444444444444446;1.0;22
validation;26;2;5;9;94.88888888888889;96.0;854
validation;26;2;6;9;469.22222222222223;460.0;4223
validation;26;2;7;9;1106.2222222222222;1101.0;9956
validation;26;2;8;9;2265.0;2233.0;20385
validation;26;2;9;9;1433.7777777777778;1403.0;12904
validation;26;2;10;9;1169.6666666666667;1149.0;10527
validation;26;2;11;9;1044.0;1031.0;9396
validation;26;2;12;9;1121.4444444444443;1098.0;10093
validation;26;2;13;9;1183.111111111111;1131.0;10648
validation;26;2;14;9;1354.5555555555557;1324.0;12191
validation;26;2;15;9;1399.3333333333333;1377.0;12594
validation;26;2;16;9;1449.5555555555557;1458.0;13046
validation;26;2;17;9;1638.4444444444443;1610.0;14746
validation;26;2;18;9;1814.6666666666667;1799.0;16332
validation;26;2;19;9;1239.111111111111;1200.0;11152
validation;26;2;20;9;785.7777777777778;781.0;7072
validation;26;2;21;9;518.7777777777778;506.0;4669
validation;26;2;22;9;232.88888888888889;232.0;2096
validation;26;2;23;9;134.0;132.0;1206
validation;26;3;0;9;38.77777777777778;39.0;349
validation;26;3;1;9;0.7777777777777778;1.0;7
validation;26;3;2;9;0.0;0.0;0
validation;26;3;3;9;0.0;0.0;0
validation;26;3;4;9;1.1111111111111112;1.0;10
validation;26;3;5;9;87.66666666666667;85.0;789
validation;26;3;6;9;470.3333333333333;471.0;4233
validation;26;3;7;9;1068.2222222222222;1056.0;9614
validation;26;3;8;9;2242.3333333333335;2248.0;20181
validation;26;3;9;9;1457.111111111111;1516.0;13114
validation;26;3;10;9;1134.2222222222222;1124.0;10208
validation;26;3;11;9;1080.2222222222222;1128.0;9722
validation;26;3;12;9;1114.2222222222222;1086.0;10028
validation;26;3;13;9;1153.3333333333333;1119.0;10380
validation;26;3;14;9;1306.4444444444443;1309.0;11758
validation;26;3;15;9;1357.111111111111;1381.0;12214
validation;26;3;16;9;1442.3333333333333;1439.0;12981
validation;26;3;17;9;1664.5555555555557;1720.0;14981
validation;26;3;18;9;1876.0;1890.0;16884
validation;26;3;19;9;1205.888888888889;1190.0;10853
validation;26;3;20;9;747.2222222222222;714.0;6725
validation;26;3;21;9;463.22222222222223;467.0;4169
validation;26;3;22;9;230.88888888888889;244.0;2078
validation;26;3;23;9;127.0;127.0;1143
validation;26;4;0;9;34.22222222222222;34.0;308
validation;26;4;1;9;1.0;1.0;9
validation;26;4;2;9;0.0;0.0;0
validation;26;4;3;9;0.0;0.0;0
validation;26;4;4;9;1.0;1.0;9
validation;26;4;5;9;84.55555555555556;89.0;761
validation;26;4;6;9;487.8888888888889;491.0;4391
validation;26;4;7;9;1063.111111111111;1089.0;9568
validation;26;4;8;9;2123.6666666666665;2127.0;19113
validation;26;4;9;9;1345.0;1382.0;12105
validation;26;4;10;9;1208.7777777777778;1220.0;10879
validation;26;4;11;9;1032.5555555555557;1057.0;9293
validation;26;4;12;9;1090.2222222222222;1088.0;9812
validation;26;4;13;9;1151.888888888889;1161.0;10367
validation;26;4;14;9;1322.111111111111;1306.0;11899
validation;26;4;15;9;1351.7777777777778;1350.0;12166
validation;26;4;16;9;1580.3333333333333;1598.0;14223
validation;26;4;17;9;1705.0;1733.0;15345
validation;26;4;18;9;1387.0;1393.0;12483
validation;26;4;19;9;1086.111111111111;1064.0;9775
validation;26;4;20;9;687.5555555555555;686.0;6188
validation;26;4;21;9;480.44444444444446;484.0;4324
validation;26;4;22;9;229.66666666666666;218.0;2067
validation;26;4;23;9;159.11111111111111;162.0;1432
validation;26;5;0;8;50.0;47.5;400
validation;26;5;1;8;1.75;1.0;14
validation;26;5;2;8;0.0;0.0;0
validation;26;5;3;8;0.0;0.0;0
validation;26;5;4;8;1.0;1.0;8
validation;26;5;5;8;51.5;52.0;412
validation;26;5;6;8;250.625;248.0;2005
validation;26;5;7;8;395.0;385.0;3160
validation;26;5;8;8;644.25;658.0;5154
validation;26;5;9;8;680.625;675.5;5445
validation;26;5;10;8;809.5;800.5;6476
validation;26;5;11;8;980.25;979.5;7842
validation;26;5;12;8;1004.125;1021.5;8033
validation;26;5;13;8;1004.875;1017.0;8039
validation;26;5;14;8;1032.25;1057.5;8258
validation;26;5;15;8;973.625;966.5;7789
validation;26;5;16;8;981.125;1015.5;7849
validation;26;5;17;8;929.0;922.5;7432
validation;26;5;18;8;871.125;860.5;6969
validation;26;5;19;8;799.5;823.0;6396
validation;26;5;20;8;550.125;549.5;4401
validation;26;5;21;8;367.875;368.0;2943
validation;26;5;22;8;221.625;210.0;1773
validation;26;5;23;8;156.375;155.0;1251
validation;26;6;0;8;58.375;52.0;467
validation;26;6;1;8;5.0;4.0;40
validation;26;6;2;8;0.25;0.0;2
validation;26;6;3;8;0.5;0.0;4
validation;26;6;4;8;1.375;1.0;11
validation;26;6;5;8;23.0;23.5;184
validation;26;6;6;8;153.625;152.5;1229
validation;26;6;7;8;271.0;261.5;2168
validation;26;6;8;8;366.625;385.0;2933
validation;26;6;9;8;526.25;514.5;4210
validation;26;6;10;8;589.0;584.5;4712
validation;26;6;11;8;793.375;799.5;6347
validation;26;6;12;8;812.375;811.5;6499
validation;26;6;13;8;875.0;862.5;7000
validation;26;6;14;8;853.25;858.5;6826
validation;26;6;15;8;782.75;788.0;6262
validation;26;6;16;8;788.875;796.0;6311
validation;26;6;17;8;803.0;792.0;6424
validation;26;6;18;8;745.375;736.5;5963
validation;26;6;19;8;567.375;532.5;4539
validation;26;6;20;8;434.25;424.5;3474
validation;26;6;21;8;298.25;284.5;2386
validation;26;6;22;8;186.875;173.5;1495
validation;26;6;23;8;114.75;107.0;918
validation;28;0;0;9;0.7777777777777778;0.0;7
validation;28;0;1;9;0.3333333333333333;0.0;3
validation;28;0;2;9;0.0;0.0;0
validation;28;0;3;9;0.0;0.0;0
validation;28;0;4;9;1.7777777777777777;2.0;16
validation;28;0;5;9;73.11111111111111;80.0;658
validation;28;0;6;9;227.88888888888889;247.0;2051
validation;28;0;7;9;708.3333333333334;691.0;6375
validation;28;0;8;9;1136.0;1211.0;10224
validation;28;0;9;9;780.6666666666666;807.0;7026
validation;28;0;10;9;542.1111111111111;538.0;4879
validation;28;0;11;9;483.8888888888889;483.0;4355
validation;28;0;12;9;606.2222222222222;635.0;5456
validation;28;0;13;9;600.3333333333334;630.0;5403
validation;28;0;14;9;584.1111111111111;587.0;5257
validation;28;0;15;9;592.2222222222222;598.0;5330
validation;28;0;16;9;814.1111111111111;836.0;7327
validation;28;0;17;9;899.5555555555555;921.0;8096
validation;28;0;18;9;889.0;915.0;8001
validation;28;0;19;9;655.6666666666666;702.0;5901
validation;28;0;20;9;448.55555555555554;438.0;4037
validation;28;0;21;9;278.0;298.0;2502
validation;28;0;22;9;108.11111111111111;107.0;973
validation;28;0;23;9;8.777777777777779;9.0;79
validation;28;1;0;9;2.4444444444444446;0.0;22
validation;28;1;1;9;0.3333333333333333;0.0;3
validation;28;1;2;9;0.0;0.0;0
validation;28;1;3;9;0.0;0.0;0
validation;28;1;4;9;2.2222222222222223;1.0;20
validation;28;1;5;9;72.66666666666667;73.0;654
validation;28;1;6;9;237.77777777777777;253.0;2140
validation;28;1;7;9;787.7777777777778;807.0;7090
validation;28;1;8;9;1225.0;1370.0;11025
validation;28;1;9;9;752.0;773.0;6768
validation;28;1;10;9;579.7777777777778;570.0;5218
validation;28;1;11;9;535.8888888888889;569.0;4823
validation;28;1;12;9;615.5555555555555;632.0;5540
validation;28;1;13;9;643.3333333333334;700.0;5790
validation;28;1;14;9;612.2222222222222;635.0;5510
validation;28;1;15;9;660.8888888888889;682.0;5948
validation;28;1;16;9;731.5555555555555;748.0;6584
validation;28;1;17;9;895.8888888888889;956.0;8063
validation;28;1;18;9;924.4444444444445;968.0;8320
validation;28;1;19;9;647.4444444444445;687.0;5827
validation;28;1;20;9;472.0;494.0;4248
validation;28;1;21;9;299.0;308.0;2691
validation;28;1;22;9;118.22222222222223;120.0;1064
validation;28;1;23;9;12.444444444444445;10.0;112
validation;28;2;0;9;0.6666666666666666;0.0;6
validation;28;2;1;9;0.0;0.0;0
validation;28;2;2;9;0.0;0.0;0
validation;28;2;3;9;0.0;0.0;0
validation;28;2;4;9;1.4444444444444444;1.0;13
validation;28;2;5;9;74.88888888888889;74.0;674
validation;28;2;6;9;246.66666666666666;258.0;2220
validation;28;2;7;9;749.6666666666666;761.0;6747
validation;28;2;8;9;1171.2222222222222;1202.0;10541
validation;28;2;9;9;798.6666666666666;798.0;7188
validation;28;2;10;9;565.4444444444445;572.0;5089
validation;28;2;11;9;535.4444444444445;526.0;4819
validation;28;2;12;9;679.5555555555555;609.0;6116
validation;28;2;13;9;690.2222222222222;690.0;6212
validation;28;2;14;9;622.7777777777778;666.0;5605
validation;28;2;15;9;677.3333333333334;684.0;6096
validation;28;2;16;9;869.2222222222222;888.0;7823
validation;28;2;17;9;976.0;1027.0;8784
validation;28;2;18;9;941.2222222222222;981.0;8471
validation;28;2;19;9;718.1111111111111;740.0;6463
validation;28;2;20;9;494.6666666666667;510.0;4452
validation;28;2;21;9;292.3333333333333;293.0;2631
validation;28;2;22;9;114.0;109.0;1026
validation;28;2;23;9;12.88888888888889;9.0;116
validation;28;3;0;9;4.444444444444445;0.0;40
validation;28;3;1;9;0.7777777777777778;0.0;7
validation;28;3;2;9;0.0;0.0;0
validation;28;3;3;9;0.0;0.0;0
validation;28;3;4;9;1.5555555555555556;1.0;14
validation;28;3;5;9;79.88888888888889;78.0;719
validation;28;3;6;9;260.77777777777777;273.0;2347
validation;28;3;7;9;809.6666666666666;833.0;7287
validation;28;3;8;9;1254.2222222222222;1251.0;11288
validation;28;3;9;9;809.4444444444445;790.0;7285
validation;28;3;10;9;578.1111111111111;601.0;5203
validation;28;3;11;9;544.4444444444445;550.0;4900
validation;28;3;12;9;660.0;679.0;5940
validation;28;3;13;9;700.0;705.0;6300
validation;28;3;14;9;678.4444444444445;686.0;6106
validation;28;3;15;9;699.5555555555555;695.0;6296
validation;28;3;16;9;890.5555555555555;905.0;8015
validation;28;3;17;9;1021.1111111111111;1048.0;9190
validation;28;3;18;9;1037.5555555555557;1033.0;9338
validation;28;3;19;9;747.2222222222222;739.0;6725
validation;28;3;20;9;501.1111111111111;483.0;4510
validation;28;3;21;9;306.6666666666667;302.0;2760
validation;28;3;22;9;122.33333333333333;118.0;1101
validation;28;3;23;9;9.11111111111111;9.0;82
validation;28;4;0;9;0.7777777777777778;0.0;7
validation;28;4;1;9;0.0;0.0;0
validation;28;4;2;9;0.0;0.0;0
validation;28;4;3;9;0.0;0.0;0
validation;28;4;4;9;1.5555555555555556;1.0;14
validation;28;4;5;9;78.44444444444444;80.0;706
validation;28;4;6;9;262.8888888888889;265.0;2366
validation;28;4;7;9;796.4444444444445;803.0;7168
validation;28;4;8;9;1190.111111111111;1121.0;10711
validation;28;4;9;9;772.3333333333334;796.0;6951
validation;28;4;10;9;578.2222222222222;606.0;5204
validation;28;4;11;9;535.2222222222222;509.0;4817
validation;28;4;12;9;717.2222222222222;685.0;6455
validation;28;4;13;9;683.1111111111111;682.0;6148
validation;28;4;14;9;642.0;682.0;5778
validation;28;4;15;9;686.6666666666666;707.0;6180
validation;28;4;16;9;892.2222222222222;941.0;8030
validation;28;4;17;9;936.8888888888889;940.0;8432
validation;28;4;18;9;805.8888888888889;762.0;7253
validation;28;4;19;9;621.0;605.0;5589
validation;28;4;20;9;440.1111111111111;442.0;3961
validation;28;4;21;9;312.1111111111111;338.0;2809
validation;28;4;22;9;129.77777777777777;127.0;1168
validation;28;4;23;9;17.22222222222222;15.0;155
validation;28;5;0;8;2.25;0.0;18
validation;28;5;1;8;0.875;0.0;7
validation;28;5;2;8;0.0;0.0;0
validation;28;5;3;8;0.0;0.0;0
validation;28;5;4;8;0.5;0.0;4
validation;28;5;5;8;38.375;37.0;307
validation;28;5;6;8;105.75;108.0;846
validation;28;5;7;8;236.75;236.5;1894
validation;28;5;8;8;409.25;398.0;3274
validation;28;5;9;8;453.625;463.5;3629
validation;28;5;10;8;476.25;489.0;3810
validation;28;5;11;8;456.125;460.0;3649
validation;28;5;12;8;544.25;580.0;4354
validation;28;5;13;8;562.625;534.0;4501
validation;28;5;14;8;563.375;571.0;4507
validation;28;5;15;8;586.25;580.0;4690
validation;28;5;16;8;557.125;507.0;4457
validation;28;5;17;8;550.25;547.5;4402
validation;28;5;18;8;482.375;479.5;3859
validation;28;5;19;8;402.5;391.5;3220
validation;28;5;20;8;298.375;290.5;2387
validation;28;5;21;8;258.625;248.5;2069
validation;28;5;22;8;124.125;126.5;993
validation;28;5;23;8;24.25;17.0;194
validation;28;6;0;8;5.625;0.0;45
validation;28;6;1;8;2.375;0.0;19
validation;28;6;2;8;1.5;0.0;12
validation;28;6;3;8;0.0;0.0;0
validation;28;6;4;8;0.5;0.0;4
validation;28;6;5;8;30.5;31.0;244
validation;28;6;6;8;81.0;81.0;648
validation;28;6;7;8;159.75;162.5;1278
validation;28;6;8;8;250.875;260.5;2007
validation;28;6;9;8;324.0;324.0;2592
validation;28;6;10;8;367.625;357.5;2941
validation;28;6;11;8;403.625;409.5;3229
validation;28;6;12;8;437.75;440.5;3502
validation;28;6;13;8;512.25;490.0;4098
validation;28;6;14;8;515.625;513.5;4125
validation;28;6;15;8;504.625;501.5;4037
validation;28;6;16;8;462.75;461.0;3702
validation;28;6;17;8;478.875;460.5;3831
validation;28;6;18;8;408.125;398.0;3265
validation;28;6;19;8;362.625;368.5;2901
validation;28;6;20;8;261.25;262.0;2090
validation;28;6;21;8;223.875;228.5;1791
validation;28;6;22;8;98.75;105.0;790
validation;28;6;23;8;9.875;8.0;79
validation;50;0;0;9;5.111111111111111;0.0;46
validation;50;0;1;9;1.5555555555555556;0.0;14
validation;50;0;2;9;0.8888888888888888;0.0;8
validation;50;0;3;9;0.0;0.0;0
validation;50;0;4;9;3.111111111111111;3.0;28
validation;50;0;5;9;64.22222222222223;66.0;578
validation;50;0;6;9;495.3333333333333;476.0;4458
validation;50;0;7;9;1659.5555555555557;1669.0;14936
validation;50;0;8;9;2711.4444444444443;2727.0;24403
validation;50;0;9;9;2099.3333333333335;2122.0;18894
validation;50;0;10;9;1569.7777777777778;1597.0;14128
validation;50;0;11;9;1422.0;1403.0;12798
validation;50;0;12;9;1272.4444444444443;1250.0;11452
validation;50;0;13;9;1389.0;1381.0;12501
validation;50;0;14;9;1372.111111111111;1384.0;12349
validation;50;0;15;9;1573.888888888889;1542.0;14165
validation;50;0;16;9;1654.5555555555557;1690.0;14891
validation;50;0;17;9;2148.0;2136.0;19332
validation;50;0;18;9;2303.8888888888887;2378.0;20735
validation;50;0;19;9;1341.7777777777778;1335.0;12076
validation;50;0;20;9;874.5555555555555;872.0;7871
validation;50;0;21;9;581.7777777777778;591.0;5236
validation;50;0;22;9;240.0;251.0;2160
validation;50;0;23;9;121.44444444444444;126.0;1093
validation;50;1;0;9;21.88888888888889;22.0;197
validation;50;1;1;9;1.1111111111111112;1.0;10
validation;50;1;2;9;0.0;0.0;0
validation;50;1;3;9;0.1111111111111111;0.0;1
validation;50;1;4;9;3.3333333333333335;3.0;30
validation;50;1;5;9;70.66666666666667;68.0;636
validation;50;1;6;9;522.8888888888889;532.0;4706
validation;50;1;7;9;1764.7777777777778;1771.0;15883
validation;50;1;8;9;2817.777777777778;2814.0;25360
validation;50;1;9;9;2161.8888888888887;2187.0;19457
validation;50;1;10;9;1634.111111111111;1577.0;14707
validation;50;1;11;9;1427.6666666666667;1425.0;12849
validation;50;1;12;9;1378.111111111111;1295.0;12403
validation;50;1;13;9;1389.0;1366.0;12501
validation;50;1;14;9;1342.7777777777778;1315.0;12085
validation;50;1;15;9;1601.3333333333333;1619.0;14412
validation;50;1;16;9;1646.0;1672.0;14814
validation;50;1;17;9;2323.5555555555557;2263.0;20912
validation;50;1;18;9;2354.222222222222;2403.0;21188
validation;50;1;19;9;1437.2222222222222;1468.0;12935
validation;50;1;20;9;898.0;894.0;8082
validation;50;1;21;9;620.4444444444445;600.0;5584
validation;50;1;22;9;241.22222222222223;236.0;2171
validation;50;1;23;9;133.33333333333334;124.0;1200
validation;50;2;0;9;21.666666666666668;24.0;195
validation;50;2;1;9;2.2222222222222223;0.0;20
validation;50;2;2;9;0.0;0.0;0
validation;50;2;3;9;0.0;0.0;0
validation;50;2;4;9;3.3333333333333335;4.0;30
validation;50;2;5;9;73.33333333333333;66.0;660
validation;50;2;6;9;542.7777777777778;510.0;4885
validation;50;2;7;9;1799.888888888889;1715.0;16199
validation;50;2;8;9;2787.222222222222;2591.0;25085
validation;50;2;9;9;2105.1111111111113;2041.0;18946
validation;50;2;10;9;1686.2222222222222;1618.0;15176
validation;50;2;11;9;1547.0;1534.0;13923
validation;50;2;12;9;1448.111111111111;1401.0;13033
validation;50;2;13;9;1460.5555555555557;1281.0;13145
validation;50;2;14;9;1452.6666666666667;1367.0;13074
validation;50;2;15;9;1659.6666666666667;1481.0;14937
validation;50;2;16;9;1743.7777777777778;1588.0;15694
validation;50;2;17;9;2361.4444444444443;2341.0;21253
validation;50;2;18;9;2434.5555555555557;2281.0;21911
validation;50;2;19;9;1511.3333333333333;1408.0;13602
validation;50;2;20;9;935.4444444444445;855.0;8419
validation;50;2;21;9;651.8888888888889;687.0;5867
validation;50;2;22;9;270.44444444444446;272.0;2434
validation;50;2;23;9;150.11111111111111;140.0;1351
validation;50;3;0;9;33.0;27.0;297
validation;50;3;1;9;2.0;1.0;18
validation;50;3;2;9;0.0;0.0;0
validation;50;3;3;9;0.0;0.0;0
validation;50;3;4;9;2.5555555555555554;3.0;23
validation;50;3;5;9;66.88888888888889;63.0;602
validation;50;3;6;9;480.0;472.0;4320
validation;50;3;7;9;1644.2222222222222;1656.0;14798
validation;50;3;8;9;2639.222222222222;2636.0;23753
validation;50;3;9;9;2028.111111111111;1997.0;18253
validation;50;3;10;9;1612.3333333333333;1608.0;14511
validation;50;3;11;9;1451.3333333333333;1437.0;13062
validation;50;3;12;9;1399.2222222222222;1437.0;12593
validation;50;3;13;9;1398.4444444444443;1452.0;12586
validation;50;3;14;9;1386.2222222222222;1366.0;12476
validation;50;3;15;9;1561.5555555555557;1548.0;14054
validation;50;3;16;9;1612.4444444444443;1547.0;14512
validation;50;3;17;9;2188.3333333333335;2263.0;19695
validation;50;3;18;9;2325.4444444444443;2263.0;20929
validation;50;3;19;9;1341.4444444444443;1340.0;12073
validation;50;3;20;9;903.8888888888889;865.0;8135
validation;50;3;21;9;672.5555555555555;660.0;6053
validation;50;3;22;9;261.77777777777777;246.0;2356
validation;50;3;23;9;148.11111111111111;151.0;1333
validation;50;4;0;9;30.22222222222222;29.0;272
validation;50;4;1;9;1.4444444444444444;0.0;13
validation;50;4;2;9;0.0;0.0;0
validation;50;4;3;9;0.0;0.0;0
validation;50;4;4;9;3.111111111111111;3.0;28
validation;50;4;5;9;65.88888888888889;63.0;593
validation;50;4;6;9;504.0;490.0;4536
validation;50;4;7;9;1717.111111111111;1784.0;15454
validation;50;4;8;9;2681.777777777778;2643.0;24136
validation;50;4;9;9;2046.7777777777778;2026.0;18421
validation;50;4;10;9;1459.5555555555557;1448.0;13136
validation;50;4;11;9;1476.0;1403.0;13284
validation;50;4;12;9;1415.3333333333333;1446.0;12738
validation;50;4;13;9;1490.0;1453.0;13410
validation;50;4;14;9;1466.5555555555557;1451.0;13199
validation;50;4;15;9;1662.6666666666667;1698.0;14964
validation;50;4;16;9;2180.4444444444443;2092.0;19624
validation;50;4;17;9;2102.777777777778;2065.0;18925
validation;50;4;18;9;1640.2222222222222;1657.0;14762
validation;50;4;19;9;1216.3333333333333;1235.0;10947
validation;50;4;20;9;838.4444444444445;814.0;7546
validation;50;4;21;9;568.6666666666666;545.0;5118
validation;50;4;22;9;281.8888888888889;267.0;2537
validation;50;4;23;9;160.22222222222223;163.0;1442
validation;50;5;0;8;41.75;42.0;334
validation;50;5;1;8;3.625;3.5;29
validation;50;5;2;8;0.0;0.0;0
validation;50;5;3;8;1.0;0.0;8
validation;50;5;4;8;0.125;0.0;1
validation;50;5;5;8;5.0;0.0;40
validation;50;5;6;8;25.25;0.5;202
validation;50;5;7;8;62.375;2.0;499
validation;50;5;8;8;98.875;4.5;791
validation;50;5;9;8;88.0;6.5;704
validation;50;5;10;8;61.75;6.0;494
validation;50;5;11;8;34.625;9.0;277
validation;50;5;12;8;51.125;26.5;409
validation;50;5;13;8;37.75;15.0;302
validation;50;5;14;8;44.375;16.5;355
validation;50;5;15;8;50.0;25.0;400
validation;50;5;16;8;32.625;11.5;261
validation;50;5;17;8;35.75;14.0;286
validation;50;5;18;8;17.0;2.5;136
validation;50;5;19;8;11.875;0.0;95
validation;50;5;20;8;15.0;1.5;120
validation;50;5;21;8;9.0;0.0;72
validation;50;5;22;8;7.125;1.0;57
validation;50;5;23;8;6.0;0.0;48
validation;50;6;0;8;2.875;0.0;23
validation;50;6;1;8;0.0;0.0;0
validation;50;6;2;8;0.0;0.0;0
validation;50;6;3;8;0.0;0.0;0
validation;50;6;4;8;0.0;0.0;0
validation;50;6;5;8;0.25;0.0;2
validation;50;6;6;8;3.875;0.0;31
validation;50;6;7;8;3.875;0.0;31
validation;50;6;8;8;7.625;0.0;61
validation;50;6;9;8;4.75;0.0;38
validation;50;6;10;8;12.125;2.5;97
validation;50;6;11;8;39.0;0.5;312
validation;50;6;12;8;32.125;0.0;257
validation;50;6;13;8;37.0;0.0;296
validation;50;6;14;8;60.0;0.0;480
validation;50;6;15;8;48.25;0.0;386
validation;50;6;16;8;57.625;2.5;461
validation;50;6;17;8;50.375;2.5;403
validation;50;6;18;8;33.25;14.5;266
validation;50;6;19;8;32.625;2.0;261
validation;50;6;20;8;24.75;4.5;198
validation;50;6;21;8;15.375;1.5;123
validation;50;6;22;8;17.75;1.0;142
validation;50;6;23;8;5.125;0.5;41
