split;boardings;hours
train;0;6254
train;1;548
train;2;523
train;3;372
train;4;309
train;5;283
train;6;237
train;7;198
train;8;179
train;9;133
train;10;115
train;11;96
train;12;72
train;13;74
train;14;55
train;15;54
train;16;59
train;17;52
train;18;52
train;19;55
train;20;57
train;21;43
train;22;55
train;23;53
train;24;67
train;25;66
train;26;74
train;27;67
train;28;55
train;29;66
train;30;64
train;31;65
train;32;46
train;33;44
train;34;40
train;35;58
train;36;46
train;37;49
train;38;54
train;39;43
train;40;42
train;41;49
train;42;41
train;43;42
train;44;41
train;45;41
train;46;38
train;47;33
train;48;25
train;49;36
train;50;25
train;51;36
train;52;31
train;53;49
train;54;30
train;55;34
train;56;34
train;57;42
train;58;27
train;59;31
train;60;24
train;61;34
train;62;27
train;63;27
train;64;34
train;65;27
train;66;27
train;67;33
train;68;41
train;69;30
train;70;43
train;71;30
train;72;33
train;73;40
train;74;37
train;75;39
train;76;30
train;77;30
train;78;29
train;79;32
train;80;36
train;81;45
train;82;39
train;83;46
train;84;33
train;85;32
train;86;44
train;87;37
train;88;33
train;89;16
train;90;41
train;91;42
train;92;39
train;93;21
train;94;26
train;95;36
train;96;37
train;97;26
train;98;25
train;99;36
train;100;30
train;101;28
train;102;30
train;103;22
train;104;34
train;105;22
train;106;33
train;107;23
train;108;33
train;109;26
train;110;28
train;111;27
train;112;38
train;113;26
train;114;28
train;115;31
train;116;39
train;117;37
train;118;25
train;119;39
train;120;26
train;121;36
train;122;34
train;123;34
train;124;25
train;125;30
train;126;32
train;127;26
train;128;32
train;129;41
train;130;31
train;131;31
train;132;38
train;133;26
train;134;30
train;135;28
train;136;30
train;137;32
train;138;35
train;139;24
train;140;29
train;141;24
train;142;29
train;143;34
train;144;29
train;145;21
train;146;32
train;147;30
train;148;41
train;149;37
train;150;26
train;151;23
train;152;32
train;153;19
train;154;29
train;155;22
train;156;22
train;157;27
train;158;27
train;159;29
train;160;28
train;161;29
train;162;30
train;163;24
train;164;26
train;165;16
train;166;34
train;167;27
train;168;21
train;169;23
train;170;28
train;171;16
train;172;11
train;173;31
train;174;22
train;175;21
train;176;26
train;177;25
train;178;21
train;179;23
train;180;23
train;181;25
train;182;22
train;183;20
train;184;34
train;185;25
train;186;19
train;187;28
train;188;25
train;189;20
train;190;24
train;191;17
train;192;25
train;193;23
train;194;39
train;195;22
train;196;17
train;197;20
train;198;25
train;199;25
train;200;27
train;201;29
train;202;27
train;203;24
train;204;28
train;205;21
train;206;21
train;207;28
train;208;31
train;209;23
train;210;24
train;211;28
train;212;23
train;213;20
train;214;28
train;215;24
train;216;22
train;217;29
train;218;15
train;219;23
train;220;29
train;221;36
train;222;29
train;223;31
train;224;30
train;225;28
train;226;18
train;227;27
train;228;25
train;229;22
train;230;18
train;231;35
train;232;26
train;233;19
train;234;35
train;235;27
train;236;22
train;237;32
train;238;34
train;239;35
train;240;36
train;241;27
train;242;26
train;243;25
train;244;23
train;245;23
train;246;37
train;247;35
train;248;23
train;249;31
train;250;28
train;251;27
train;252;38
train;253;26
train;254;23
train;255;31
train;256;35
train;257;29
train;258;34
train;259;33
train;260;30
train;261;37
train;262;35
train;263;36
train;264;30
train;265;27
train;266;37
train;267;24
train;268;29
train;269;24
train;270;31
train;271;28
train;272;39
train;273;33
train;274;30
train;275;29
train;276;44
train;277;26
train;278;23
train;279;40
train;280;29
train;281;43
train;282;24
train;283;42
train;284;35
train;285;33
train;286;23
train;287;40
train;288;32
train;289;23
train;290;23
train;291;35
train;292;31
train;293;34
train;294;22
train;295;26
train;296;32
train;297;27
train;298;47
train;299;33
train;300;37
train;301;32
train;302;24
train;303;21
train;304;33
train;305;34
train;306;24
train;307;36
train;308;36
train;309;24
train;310;30
train;311;31
train;312;34
train;313;33
train;314;36
train;315;39
train;316;32
train;317;34
train;318;29
train;319;33
train;320;38
train;321;31
train;322;43
train;323;26
train;324;41
train;325;34
train;326;29
train;327;33
train;328;31
train;329;30
train;330;26
train;331;29
train;332;37
train;333;26
train;334;35
train;335;28
train;336;26
train;337;30
train;338;24
train;339;40
train;340;32
train;341;27
train;342;30
train;343;28
train;344;41
train;345;30
train;346;37
train;347;21
train;348;29
train;349;26
train;350;28
train;351;27
train;352;16
train;353;32
train;354;27
train;355;25
train;356;26
train;357;19
train;358;25
train;359;37
train;360;31
train;361;28
train;362;28
train;363;34
train;364;33
train;365;34
train;366;28
train;367;28
train;368;37
train;369;21
train;370;33
train;371;24
train;372;21
train;373;33
train;374;32
train;375;27
train;376;21
train;377;26
train;378;30
train;379;20
train;380;30
train;381;39
train;382;32
train;383;27
train;384;26
train;385;32
train;386;28
train;387;21
train;388;24
train;389;22
train;390;33
train;391;29
train;392;32
train;393;29
train;394;23
train;395;22
train;396;21
train;397;23
train;398;28
train;399;26
train;400;30
train;401;28
train;402;21
train;403;42
train;404;23
train;405;19
train;406;42
train;407;28
train;408;27
train;409;40
train;410;30
train;411;23
train;412;19
train;413;31
train;414;25
train;415;25
train;416;28
train;417;22
train;418;38
train;419;36
train;420;25
train;421;26
train;422;22
train;423;22
train;424;32
train;425;32
train;426;36
train;427;33
train;428;22
train;429;31
train;430;28
train;431;39
train;432;36
train;433;25
train;434;29
train;435;26
train;436;30
train;437;25
train;438;33
train;439;26
train;440;34
train;441;34
train;442;30
train;443;33
train;444;19
train;445;23
train;446;33
train;447;31
train;448;22
train;449;20
train;450;30
train;451;29
train;452;25
train;453;30
train;454;31
train;455;25
train;456;32
train;457;30
train;458;29
train;459;25
train;460;27
train;461;36
train;462;26
train;463;30
train;464;31
train;465;24
train;466;27
train;467;31
train;468;29
train;469;35
train;470;25
train;471;19
train;472;30
train;473;27
train;474;30
train;475;19
train;476;28
train;477;31
train;478;30
train;479;24
train;480;19
train;481;32
train;482;23
train;483;28
train;484;32
train;485;28
train;486;30
train;487;21
train;488;24
train;489;28
train;490;20
train;491;33
train;492;21
train;493;26
train;494;25
train;495;28
train;496;22
train;497;30
train;498;26
train;499;32
train;500;28
train;501;32
train;502;31
train;503;23
train;504;30
train;505;29
train;506;22
train;507;23
train;508;28
train;509;20
train;510;23
train;511;29
train;512;31
train;513;28
train;514;24
train;515;24
train;516;36
train;517;25
train;518;31
train;519;29
train;520;40
train;521;28
train;522;30
train;523;35
train;524;29
train;525;23
train;526;25
train;527;27
train;528;16
train;529;34
train;530;26
train;531;23
train;532;25
train;533;18
train;534;23
train;535;33
train;536;27
train;537;14
train;538;20
train;539;32
train;540;29
train;541;17
train;542;26
train;543;34
train;544;34
train;545;28
train;546;28
train;547;29
train;548;18
train;549;35
train;550;26
train;551;26
train;552;26
train;553;26
train;554;37
train;555;24
train;556;28
train;557;21
train;558;28
train;559;27
train;560;23
train;561;20
train;562;27
train;563;30
train;564;25
train;565;17
train;566;22
train;567;25
train;568;26
train;569;27
train;570;22
train;571;29
train;572;20
train;573;27
train;574;23
train;575;23
train;576;21
train;577;17
train;578;22
train;579;27
train;580;23
train;581;33
train;582;17
train;583;22
train;584;29
train;585;34
train;586;18
train;587;23
train;588;24
train;589;25
train;590;22
train;591;26
train;592;16
train;593;18
train;594;23
train;595;29
train;596;22
train;597;28
train;598;20
train;599;20
train;600;18
train;601;20
train;602;15
train;603;19
train;604;22
train;605;25
train;606;18
train;607;23
train;608;18
train;609;15
train;610;27
train;611;23
train;612;27
train;613;17
train;614;23
train;615;13
train;616;21
train;617;28
train;618;27
train;619;23
train;620;25
train;621;23
train;622;17
train;623;30
train;624;27
train;625;23
train;626;22
train;627;19
train;628;22
train;629;14
train;630;28
train;631;14
train;632;22
train;633;24
train;634;24
train;635;24
train;636;28
train;637;28
train;638;21
train;639;17
train;640;33
train;641;19
train;642;27
train;643;30
train;644;19
train;645;20
train;646;27
train;647;22
train;648;20
train;649;15
train;650;15
train;651;18
train;652;20
train;653;24
train;654;20
train;655;25
train;656;20
train;657;22
train;658;18
train;659;14
train;660;22
train;661;20
train;662;19
train;663;21
train;664;19
train;665;21
train;666;22
train;667;24
train;668;22
train;669;25
train;670;34
train;671;24
train;672;17
train;673;25
train;674;24
train;675;31
train;676;28
train;677;21
train;678;21
train;679;24
train;680;19
train;681;16
train;682;23
train;683;21
train;684;22
train;685;21
train;686;20
train;687;23
train;688;17
train;689;27
train;690;27
train;691;27
train;692;18
train;693;24
train;694;26
train;695;18
train;696;24
train;697;22
train;698;23
train;699;15
train;700;16
train;701;18
train;702;14
train;703;27
train;704;20
train;705;21
train;706;15
train;707;14
train;708;20
train;709;28
train;710;18
train;711;18
train;712;18
train;713;13
train;714;17
train;715;15
train;716;22
train;717;20
train;718;19
train;719;16
train;720;18
train;721;22
train;722;19
train;723;18
train;724;22
train;725;23
train;726;31
train;727;18
train;728;16
train;729;14
train;730;22
train;731;19
train;732;20
train;733;10
train;734;19
train;735;12
train;736;19
train;737;17
train;738;22
train;739;22
train;740;24
train;741;16
train;742;25
train;743;21
train;744;15
train;745;20
train;746;16
train;747;18
train;748;17
train;749;25
train;750;20
train;751;14
train;752;17
train;753;17
train;754;24
train;755;15
train;756;17
train;757;14
train;758;27
train;759;15
train;760;16
train;761;24
train;762;21
train;763;25
train;764;19
train;765;19
train;766;23
train;767;23
train;768;18
train;769;18
train;770;21
train;771;17
train;772;27
train;773;14
train;774;27
train;775;25
train;776;16
train;777;14
train;778;20
train;779;17
train;780;20
train;781;17
train;782;23
train;783;16
train;784;18
train;785;21
train;786;12
train;787;18
train;788;14
train;789;14
train;790;22
train;791;20
train;792;17
train;793;20
train;794;15
train;795;20
train;796;16
train;797;24
train;798;19
train;799;11
train;800;19
train;801;14
train;802;16
train;803;23
train;804;16
train;805;19
train;806;21
train;807;18
train;808;26
train;809;16
train;810;13
train;811;19
train;812;20
train;813;23
train;814;19
train;815;17
train;816;20
train;817;10
train;818;18
train;819;17
train;820;25
train;821;12
train;822;13
train;823;17
train;824;10
train;825;17
train;826;21
train;827;18
train;828;25
train;829;18
train;830;20
train;831;18
train;832;15
train;833;14
train;834;15
train;835;20
train;836;12
train;837;21
train;838;13
train;839;9
train;840;13
train;841;14
train;842;15
train;843;11
train;844;14
train;845;13
train;846;17
train;847;20
train;848;14
train;849;17
train;850;17
train;851;15
train;852;11
train;853;20
train;854;15
train;855;20
train;856;12
train;857;8
train;858;11
train;859;19
train;860;19
train;861;13
train;862;11
train;863;11
train;864;16
train;865;16
train;866;23
train;867;15
train;868;17
train;869;15
train;870;11
train;871;10
train;872;15
train;873;14
train;874;15
train;875;20
train;876;17
train;877;16
train;878;18
train;879;15
train;880;13
train;881;9
train;882;13
train;883;9
train;884;9
train;885;15
train;886;20
train;887;22
train;888;12
train;889;11
train;890;12
train;891;17
train;892;16
train;893;10
train;894;12
train;895;17
train;896;14
train;897;22
train;898;16
train;899;11
train;900;18
train;901;10
train;902;19
train;903;12
train;904;15
train;905;10
train;906;12
train;907;17
train;908;13
train;909;10
train;910;19
train;911;9
train;912;15
train;913;9
train;914;15
train;915;12
train;916;14
train;917;13
train;918;15
train;919;20
train;920;10
train;921;13
train;922;16
train;923;9
train;924;19
train;925;11
train;926;16
train;927;15
train;928;12
train;929;15
train;930;12
train;931;17
train;932;9
train;933;10
train;934;15
train;935;14
train;936;11
train;937;14
train;938;19
train;939;14
train;940;14
train;941;16
train;942;21
train;943;16
train;944;14
train;945;8
train;946;10
train;947;11
train;948;17
train;949;15
train;950;20
train;951;15
train;952;15
train;953;20
train;954;15
train;955;10
train;956;20
train;957;14
train;958;15
train;959;19
train;960;19
train;961;11
train;962;10
train;963;13
train;964;16
train;965;19
train;966;14
train;967;14
train;968;17
train;969;13
train;970;14
train;971;9
train;972;16
train;973;14
train;974;17
train;975;11
train;976;11
train;977;14
train;978;15
train;979;10
train;980;12
train;981;12
train;982;12
train;983;16
train;984;9
train;985;8
train;986;14
train;987;15
train;988;18
train;989;17
train;990;19
train;991;8
train;992;21
train;993;11
train;994;19
train;995;15
train;996;12
train;997;11
train;998;12
train;999;13
train;1000;6
train;1001;8
train;1002;21
train;1003;13
train;1004;10
train;1005;6
train;1006;14
train;1007;14
train;1008;12
train;1009;10
train;1010;10
train;1011;12
train;1012;15
train;1013;21
train;1014;14
train;1015;10
train;1016;14
train;1017;11
train;1018;11
train;1019;12
train;1020;10
train;1021;15
train;1022;8
train;1023;9
train;1024;15
train;1025;13
train;1026;11
train;1027;14
train;1028;11
train;1029;14
train;1030;7
train;1031;15
train;1032;7
train;1033;12
train;1034;13
train;1035;12
train;1036;14
train;1037;15
train;1038;20
train;1039;14
train;1040;15
train;1041;16
train;1042;13
train;1043;17
train;1044;13
train;1045;11
train;1046;14
train;1047;13
train;1048;15
train;1049;13
train;1050;10
train;1051;12
train;1052;10
train;1053;12
train;1054;10
train;1055;19
train;1056;7
train;1057;19
train;1058;15
train;1059;10
train;1060;9
train;1061;8
train;1062;13
train;1063;16
train;1064;14
train;1065;7
train;1066;18
train;1067;4
train;1068;15
train;1069;12
train;1070;8
train;1071;10
train;1072;9
train;1073;11
train;1074;19
train;1075;13
train;1076;4
train;1077;19
train;1078;21
train;1079;17
train;1080;21
train;1081;10
train;1082;9
train;1083;19
train;1084;14
train;1085;13
train;1086;16
train;1087;10
train;1088;11
train;1089;17
train;1090;12
train;1091;13
train;1092;10
train;1093;12
train;1094;11
train;1095;5
train;1096;16
train;1097;11
train;1098;7
train;1099;16
train;1100;12
train;1101;9
train;1102;12
train;1103;17
train;1104;14
train;1105;11
train;1106;14
train;1107;14
train;1108;19
train;1109;9
train;1110;17
train;1111;19
train;1112;21
train;1113;8
train;1114;13
train;1115;14
train;1116;13
train;1117;15
train;1118;8
train;1119;11
train;1120;11
train;1121;11
train;1122;20
train;1123;8
train;1124;17
train;1125;10
train;1126;13
train;1127;10
train;1128;16
train;1129;14
train;1130;15
train;1131;17
train;1132;11
train;1133;8
train;1134;8
train;1135;14
train;1136;17
train;1137;12
train;1138;12
train;1139;14
train;1140;13
train;1141;11
train;1142;6
train;1143;11
train;1144;17
train;1145;14
train;1146;10
train;1147;13
train;1148;16
train;1149;14
train;1150;19
train;1151;14
train;1152;7
train;1153;16
train;1154;19
train;1155;13
train;1156;18
train;1157;12
train;1158;9
train;1159;17
train;1160;17
train;1161;12
train;1162;16
train;1163;11
train;1164;18
train;1165;13
train;1166;14
train;1167;13
train;1168;12
train;1169;14
train;1170;14
train;1171;12
train;1172;16
train;1173;19
train;1174;19
train;1175;9
train;1176;12
train;1177;15
train;1178;5
train;1179;13
train;1180;16
train;1181;14
train;1182;12
train;1183;11
train;1184;15
train;1185;13
train;1186;12
train;1187;16
train;1188;14
train;1189;10
train;1190;8
train;1191;14
train;1192;10
train;1193;9
train;1194;13
train;1195;13
train;1196;16
train;1197;12
train;1198;16
train;1199;19
train;1200;13
train;1201;12
train;1202;7
train;1203;10
train;1204;14
train;1205;16
train;1206;15
train;1207;9
train;1208;14
train;1209;20
train;1210;15
train;1211;9
train;1212;16
train;1213;16
train;1214;10
train;1215;12
train;1216;16
train;1217;10
train;1218;15
train;1219;19
train;1220;13
train;1221;13
train;1222;8
train;1223;11
train;1224;12
train;1225;18
train;1226;11
train;1227;13
train;1228;13
train;1229;6
train;1230;13
train;1231;10
train;1232;15
train;1233;15
train;1234;13
train;1235;16
train;1236;12
train;1237;10
train;1238;8
train;1239;14
train;1240;15
train;1241;10
train;1242;19
train;1243;15
train;1244;7
train;1245;11
train;1246;11
train;1247;11
train;1248;20
train;1249;10
train;1250;24
train;1251;17
train;1252;14
train;1253;8
train;1254;13
train;1255;11
train;1256;4
train;1257;11
train;1258;16
train;1259;8
train;1260;11
train;1261;10
train;1262;14
train;1263;14
train;1264;12
train;1265;11
train;1266;11
train;1267;9
train;1268;19
train;1269;11
train;1270;13
train;1271;21
train;1272;12
train;1273;11
train;1274;15
train;1275;14
train;1276;14
train;1277;11
train;1278;19
train;1279;10
train;1280;10
train;1281;16
train;1282;10
train;1283;12
train;1284;14
train;1285;11
train;1286;17
train;1287;11
train;1288;8
train;1289;12
train;1290;14
train;1291;15
train;1292;12
train;1293;16
train;1294;13
train;1295;9
train;1296;19
train;1297;12
train;1298;7
train;1299;15
train;1300;10
train;1301;15
train;1302;12
train;1303;11
train;1304;13
train;1305;13
train;1306;19
train;1307;19
train;1308;10
train;1309;8
train;1310;17
train;1311;13
train;1312;19
train;1313;15
train;1314;19
train;1315;8
train;1316;8
train;1317;13
train;1318;14
train;1319;14
train;1320;20
train;1321;12
train;1322;14
train;1323;13
train;1324;12
train;1325;12
train;1326;11
train;1327;13
train;1328;17
train;1329;24
train;1330;19
train;1331;18
train;1332;21
train;1333;10
train;1334;11
train;1335;13
train;1336;9
train;1337;13
train;1338;12
train;1339;13
train;1340;11
train;1341;10
train;1342;15
train;1343;17
train;1344;16
train;1345;16
train;1346;19
train;1347;18
train;1348;15
train;1349;11
train;1350;19
train;1351;18
train;1352;16
train;1353;12
train;1354;15
train;1355;14
train;1356;18
train;1357;11
train;1358;12
train;1359;11
train;1360;9
train;1361;14
train;1362;12
train;1363;16
train;1364;9
train;1365;7
train;1366;12
train;1367;16
train;1368;15
train;1369;19
train;1370;18
train;1371;14
train;1372;22
train;1373;19
train;1374;9
train;1375;17
train;1376;17
train;1377;13
train;1378;5
train;1379;19
train;1380;14
train;1381;11
train;1382;13
train;1383;18
train;1384;15
train;1385;17
train;1386;15
train;1387;9
train;1388;14
train;1389;20
train;1390;16
train;1391;8
train;1392;11
train;1393;17
train;1394;12
train;1395;20
train;1396;16
train;1397;23
train;1398;10
train;1399;16
train;1400;19
train;1401;18
train;1402;15
train;1403;14
train;1404;15
train;1405;17
train;1406;6
train;1407;7
train;1408;16
train;1409;14
train;1410;21
train;1411;14
train;1412;16
train;1413;18
train;1414;14
train;1415;8
train;1416;19
train;1417;15
train;1418;13
train;1419;16
train;1420;20
train;1421;14
train;1422;13
train;1423;4
train;1424;16
train;1425;11
train;1426;17
train;1427;18
train;1428;16
train;1429;15
train;1430;14
train;1431;17
train;1432;29
train;1433;18
train;1434;10
train;1435;16
train;1436;11
train;1437;10
train;1438;10
train;1439;11
train;1440;18
train;1441;19
train;1442;13
train;1443;13
train;1444;22
train;1445;12
train;1446;11
train;1447;17
train;1448;16
train;1449;17
train;1450;13
train;1451;14
train;1452;19
train;1453;18
train;1454;12
train;1455;10
train;1456;14
train;1457;12
train;1458;16
train;1459;23
train;1460;9
train;1461;13
train;1462;12
train;1463;17
train;1464;13
train;1465;16
train;1466;14
train;1467;15
train;1468;16
train;1469;14
train;1470;13
train;1471;13
train;1472;13
train;1473;10
train;1474;16
train;1475;15
train;1476;12
train;1477;9
train;1478;14
train;1479;15
train;1480;8
train;1481;18
train;1482;6
train;1483;12
train;1484;17
train;1485;17
train;1486;15
train;1487;14
train;1488;13
train;1489;11
train;1490;14
train;1491;10
train;1492;17
train;1493;15
train;1494;9
train;1495;17
train;1496;14
train;1497;10
train;1498;21
train;1499;6
train;1500;11
train;1501;19
train;1502;16
train;1503;18
train;1504;11
train;1505;17
train;1506;13
train;1507;14
train;1508;13
train;1509;17
train;1510;15
train;1511;17
train;1512;14
train;1513;11
train;1514;13
train;1515;12
train;1516;12
train;1517;16
train;1518;14
train;1519;14
train;1520;16
train;1521;20
train;1522;8
train;1523;18
train;1524;17
train;1525;12
train;1526;11
train;1527;16
train;1528;17
train;1529;11
train;1530;10
train;1531;18
train;1532;10
train;1533;8
train;1534;9
train;1535;9
train;1536;10
train;1537;17
train;1538;16
train;1539;17
train;1540;13
train;1541;14
train;1542;11
train;1543;12
train;1544;14
train;1545;10
train;1546;8
train;1547;19
train;1548;6
train;1549;20
train;1550;11
train;1551;16
train;1552;18
train;1553;14
train;1554;11
train;1555;12
train;1556;18
train;1557;19
train;1558;17
train;1559;9
train;1560;15
train;1561;14
train;1562;21
train;1563;12
train;1564;11
train;1565;17
train;1566;18
train;1567;17
train;1568;11
train;1569;9
train;1570;19
train;1571;11
train;1572;8
train;1573;16
train;1574;13
train;1575;17
train;1576;15
train;1577;12
train;1578;23
train;1579;12
train;1580;14
train;1581;5
train;1582;13
train;1583;9
train;1584;9
train;1585;4
train;1586;9
train;1587;15
train;1588;13
train;1589;9
train;1590;9
train;1591;7
train;1592;14
train;1593;18
train;1594;10
train;1595;16
train;1596;5
train;1597;15
train;1598;15
train;1599;11
train;1600;6
train;1601;9
train;1602;12
train;1603;7
train;1604;15
train;1605;7
train;1606;13
train;1607;13
train;1608;10
train;1609;14
train;1610;5
train;1611;15
train;1612;10
train;1613;9
train;1614;19
train;1615;12
train;1616;14
train;1617;9
train;1618;16
train;1619;12
train;1620;9
train;1621;15
train;1622;15
train;1623;10
train;1624;10
train;1625;13
train;1626;11
train;1627;9
train;1628;6
train;1629;13
train;1630;16
train;1631;12
train;1632;7
train;1633;5
train;1634;9
train;1635;15
train;1636;9
train;1637;12
train;1638;11
train;1639;15
train;1640;13
train;1641;9
train;1642;17
train;1643;10
train;1644;10
train;1645;14
train;1646;10
train;1647;7
train;1648;12
train;1649;14
train;1650;9
train;1651;11
train;1652;12
train;1653;7
train;1654;7
train;1655;8
train;1656;11
train;1657;11
train;1658;11
train;1659;4
train;1660;13
train;1661;15
train;1662;9
train;1663;16
train;1664;12
train;1665;12
train;1666;9
train;1667;4
train;1668;8
train;1669;9
train;1670;8
train;1671;11
train;1672;15
train;1673;9
train;1674;18
train;1675;11
train;1676;13
train;1677;10
train;1678;12
train;1679;6
train;1680;6
train;1681;5
train;1682;7
train;1683;12
train;1684;12
train;1685;10
train;1686;12
train;1687;18
train;1688;10
train;1689;8
train;1690;16
train;1691;8
train;1692;3
train;1693;10
train;1694;10
train;1695;9
train;1696;13
train;1697;14
train;1698;5
train;1699;12
train;1700;8
train;1701;15
train;1702;10
train;1703;6
train;1704;10
train;1705;6
train;1706;7
train;1707;9
train;1708;5
train;1709;11
train;1710;9
train;1711;11
train;1712;13
train;1713;9
train;1714;10
train;1715;7
train;1716;11
train;1717;9
train;1718;10
train;1719;10
train;1720;4
train;1721;10
train;1722;13
train;1723;13
train;1724;17
train;1725;9
train;1726;7
train;1727;14
train;1728;10
train;1729;10
train;1730;18
train;1731;9
train;1732;9
train;1733;10
train;1734;9
train;1735;5
train;1736;10
train;1737;7
train;1738;13
train;1739;14
train;1740;9
train;1741;11
train;1742;6
train;1743;9
train;1744;11
train;1745;3
train;1746;10
train;1747;10
train;1748;13
train;1749;10
train;1750;9
train;1751;11
train;1752;11
train;1753;6
train;1754;2
train;1755;18
train;1756;10
train;1757;9
train;1758;9
train;1759;3
train;1760;9
train;1761;10
train;1762;10
train;1763;9
train;1764;10
train;1765;13
train;1766;11
train;1767;12
train;1768;10
train;1769;6
train;1770;6
train;1771;10
train;1772;9
train;1773;6
train;1774;9
train;1775;14
train;1776;6
train;1777;8
train;1778;8
train;1779;9
train;1780;6
train;1781;10
train;1782;8
train;1783;8
train;1784;9
train;1785;2
train;1786;11
train;1787;4
train;1788;6
train;1789;14
train;1790;6
train;1791;8
train;1792;6
train;1793;7
train;1794;13
train;1795;6
train;1796;7
train;1797;10
train;1798;13
train;1799;7
train;1800;8
train;1801;6
train;1802;4
train;1803;8
train;1804;7
train;1805;8
train;1806;6
train;1807;15
train;1808;8
train;1809;6
train;1810;11
train;1811;9
train;1812;6
train;1813;4
train;1814;10
train;1815;15
train;1816;9
train;1817;8
train;1818;13
train;1819;5
train;1820;10
train;1821;13
train;1822;10
train;1823;9
train;1824;12
train;1825;12
train;1826;11
train;1827;9
train;1828;9
train;1829;10
train;1830;5
train;1831;9
train;1832;10
train;1833;10
train;1834;15
train;1835;11
train;1836;7
train;1837;6
train;1838;7
train;1839;13
train;1840;10
train;1841;9
train;1842;8
train;1843;7
train;1844;7
train;1845;8
train;1846;6
train;1847;8
train;1848;8
train;1849;5
train;1850;13
train;1851;6
train;1852;4
train;1853;7
train;1854;11
train;1855;6
train;1856;10
train;1857;3
train;1858;10
train;1859;10
train;1860;5
train;1861;12
train;1862;14
train;1863;4
train;1864;10
train;1865;10
train;1866;11
train;1867;6
train;1868;5
train;1869;10
train;1870;11
train;1871;14
train;1872;6
train;1873;8
train;1874;8
train;1875;9
train;1876;12
train;1877;10
train;1878;7
train;1879;12
train;1880;12
train;1881;9
train;1882;7
train;1883;11
train;1884;7
train;1885;10
train;1886;11
train;1887;7
train;1888;10
train;1889;9
train;1890;5
train;1891;3
train;1892;3
train;1893;4
train;1894;7
train;1895;10
train;1896;14
train;1897;6
train;1898;3
train;1899;11
train;1900;5
train;1901;4
train;1902;12
train;1903;7
train;1904;7
train;1905;7
train;1906;6
train;1907;10
train;1908;7
train;1909;5
train;1910;4
train;1911;5
train;1912;4
train;1913;13
train;1914;6
train;1915;11
train;1916;8
train;1917;3
train;1918;10
train;1919;8
train;1920;2
train;1921;11
train;1922;11
train;1923;6
train;1924;6
train;1925;7
train;1926;2
train;1927;7
train;1928;7
train;1929;10
train;1930;3
train;1931;6
train;1932;4
train;1933;5
train;1934;11
train;1935;9
train;1936;3
train;1937;6
train;1938;5
train;1939;8
train;1940;6
train;1941;7
train;1942;3
train;1943;4
train;1944;9
train;1945;10
train;1946;8
train;1947;7
train;1948;13
train;1949;10
train;1950;6
train;1951;9
train;1952;4
train;1953;7
train;1954;8
train;1955;3
train;1956;4
train;1957;6
train;1958;9
train;1959;3
train;1960;5
train;1961;8
train;1962;6
train;1963;13
train;1964;8
train;1965;3
train;1966;7
train;1967;8
train;1968;6
train;1969;5
train;1970;4
train;1971;9
train;1972;11
train;1973;10
train;1974;9
train;1975;8
train;1976;6
train;1977;4
train;1978;4
train;1979;3
train;1980;9
train;1981;9
train;1982;3
train;1983;4
train;1984;6
train;1985;4
train;1986;11
train;1987;7
train;1988;5
train;1989;13
train;1990;5
train;1991;6
train;1992;6
train;1993;10
train;1994;4
train;1995;7
train;1996;5
train;1997;6
train;1998;5
train;1999;7
train;2000;9
train;2001;7
train;2002;5
train;2003;6
train;2004;7
train;2005;5
train;2006;6
train;2007;7
train;2008;7
train;2009;8
train;2010;8
train;2011;6
train;2012;2
train;2013;6
train;2014;4
train;2015;9
train;2016;4
train;2017;9
train;2018;7
train;2019;5
train;2020;3
train;2021;8
train;2022;7
train;2023;6
train;2024;9
train;2025;4
train;2026;5
train;2027;12
train;2028;8
train;2029;3
train;2030;4
train;2031;8
train;2032;7
train;2033;3
train;2034;10
train;2035;5
train;2036;10
train;2037;4
train;2038;7
train;2039;5
train;2040;5
train;2041;8
train;2042;6
train;2043;7
train;2044;7
train;2045;15
train;2046;9
train;2047;7
train;2048;4
train;2049;7
train;2050;4
train;2051;10
train;2052;9
train;2053;7
train;2054;4
train;2055;10
train;2056;3
train;2057;3
train;2058;4
train;2059;4
train;2060;9
train;2061;6
train;2062;3
train;2063;7
train;2064;4
train;2065;5
train;2066;13
train;2067;8
train;2068;3
train;2069;3
train;2070;4
train;2071;6
train;2072;6
train;2073;11
train;2074;7
train;2075;3
train;2076;8
train;2077;4
train;2078;5
train;2079;3
train;2080;5
train;2081;8
train;2082;5
train;2083;7
train;2084;3
train;2085;7
train;2086;5
train;2087;7
train;2088;9
train;2089;10
train;2090;10
train;2091;8
train;2092;6
train;2093;14
train;2094;2
train;2095;5
train;2096;6
train;2097;4
train;2098;4
train;2099;4
train;2100;3
train;2101;9
train;2102;3
train;2103;6
train;2104;6
train;2105;3
train;2106;3
train;2107;7
train;2108;8
train;2109;6
train;2110;6
train;2111;6
train;2112;3
train;2113;1
train;2114;7
train;2115;2
train;2116;7
train;2117;4
train;2118;7
train;2119;6
train;2120;9
train;2121;5
train;2122;5
train;2123;9
train;2124;7
train;2125;4
train;2126;10
train;2127;8
train;2128;11
train;2129;9
train;2130;8
train;2131;5
train;2132;3
train;2133;4
train;2134;8
train;2135;5
train;2136;3
train;2137;8
train;2138;5
train;2139;6
train;2140;5
train;2141;7
train;2142;7
train;2143;5
train;2144;5
train;2145;5
train;2146;7
train;2147;7
train;2148;6
train;2149;10
train;2150;7
train;2151;4
train;2152;13
train;2153;6
train;2154;2
train;2155;5
train;2156;4
train;2157;5
train;2158;2
train;2159;6
train;2160;5
train;2161;3
train;2162;5
train;2163;5
train;2164;8
train;2165;5
train;2166;4
train;2167;8
train;2168;5
train;2169;2
train;2170;8
train;2171;3
train;2172;9
train;2173;6
train;2174;11
train;2175;5
train;2176;6
train;2177;5
train;2178;6
train;2179;3
train;2180;5
train;2181;9
train;2182;10
train;2183;4
train;2184;7
train;2185;5
train;2186;4
train;2187;6
train;2188;10
train;2189;11
train;2190;7
train;2191;6
train;2192;3
train;2193;6
train;2194;4
train;2195;11
train;2196;6
train;2197;2
train;2198;6
train;2199;3
train;2200;2
train;2201;4
train;2202;4
train;2203;5
train;2204;7
train;2205;5
train;2206;4
train;2207;3
train;2208;5
train;2209;5
train;2210;6
train;2211;6
train;2212;7
train;2213;5
train;2214;5
train;2215;5
train;2216;11
train;2217;11
train;2218;5
train;2219;5
train;2220;5
train;2221;5
train;2222;5
train;2223;4
train;2224;4
train;2225;6
train;2226;1
train;2227;5
train;2228;8
train;2229;4
train;2230;5
train;2231;6
train;2232;6
train;2233;3
train;2234;6
train;2235;5
train;2236;7
train;2237;5
train;2238;1
train;2239;5
train;2240;10
train;2241;6
train;2242;4
train;2243;7
train;2244;6
train;2245;7
train;2246;5
train;2247;4
train;2248;11
train;2249;4
train;2250;10
train;2251;4
train;2252;8
train;2253;8
train;2254;1
train;2255;6
train;2256;6
train;2257;7
train;2258;4
train;2259;5
train;2260;3
train;2261;6
train;2262;6
train;2263;9
train;2264;1
train;2265;7
train;2266;5
train;2267;7
train;2268;4
train;2269;5
train;2270;9
train;2271;8
train;2272;4
train;2273;2
train;2274;10
train;2275;5
train;2276;2
train;2277;6
train;2278;4
train;2279;5
train;2280;3
train;2281;4
train;2282;5
train;2283;6
train;2284;9
train;2285;6
train;2286;6
train;2287;4
train;2288;4
train;2289;5
train;2290;6
train;2291;8
train;2292;10
train;2293;4
train;2294;7
train;2295;5
train;2296;4
train;2297;2
train;2298;6
train;2299;3
train;2300;5
train;2301;11
train;2302;9
train;2303;6
train;2304;4
train;2305;4
train;2306;9
train;2307;11
train;2308;6
train;2309;5
train;2310;9
train;2311;5
train;2312;5
train;2313;6
train;2314;7
train;2315;5
train;2316;2
train;2317;3
train;2318;5
train;2319;6
train;2320;10
train;2321;7
train;2322;8
train;2323;6
train;2324;10
train;2325;5
train;2326;2
train;2327;7
train;2328;8
train;2329;5
train;2330;5
train;2331;5
train;2332;5
train;2333;3
train;2334;4
train;2335;5
train;2336;2
train;2337;8
train;2338;7
train;2339;6
train;2340;7
train;2341;3
train;2342;7
train;2343;5
train;2344;7
train;2345;5
train;2346;3
train;2347;7
train;2348;6
train;2349;5
train;2351;5
train;2352;7
train;2353;2
train;2354;5
train;2355;5
train;2356;8
train;2357;7
train;2358;3
train;2359;5
train;2360;6
train;2361;3
train;2362;6
train;2363;5
train;2364;4
train;2365;5
train;2366;10
train;2367;5
train;2368;5
train;2369;6
train;2370;6
train;2371;3
train;2372;2
train;2373;9
train;2374;6
train;2375;5
train;2376;2
train;2377;3
train;2378;6
train;2379;9
train;2380;5
train;2381;6
train;2382;7
train;2383;7
train;2384;3
train;2385;5
train;2386;11
train;2387;2
train;2388;5
train;2389;5
train;2390;8
train;2391;8
train;2392;5
train;2393;6
train;2394;10
train;2395;7
train;2396;4
train;2397;8
train;2398;5
train;2399;5
train;2400;9
train;2402;6
train;2403;3
train;2404;7
train;2405;4
train;2406;5
train;2407;3
train;2408;6
train;2409;1
train;2410;2
train;2411;4
train;2412;4
train;2413;7
train;2414;7
train;2415;5
train;2416;2
train;2417;7
train;2418;8
train;2419;7
train;2420;6
train;2421;4
train;2422;9
train;2423;7
train;2424;6
train;2425;11
train;2426;3
train;2427;4
train;2428;4
train;2429;7
train;2430;1
train;2431;7
train;2432;6
train;2433;5
train;2434;3
train;2435;7
train;2436;2
train;2437;8
train;2438;3
train;2439;5
train;2440;6
train;2441;5
train;2442;4
train;2443;4
train;2444;6
train;2445;8
train;2446;8
train;2447;6
train;2448;3
train;2449;3
train;2450;5
train;2451;4
train;2452;7
train;2453;4
train;2454;3
train;2455;6
train;2456;2
train;2457;9
train;2458;4
train;2459;4
train;2460;5
train;2461;5
train;2462;6
train;2463;6
train;2464;3
train;2465;2
train;2466;5
train;2467;8
train;2468;6
train;2469;7
train;2470;5
train;2471;3
train;2472;6
train;2473;6
train;2474;5
train;2475;5
train;2476;1
train;2477;6
train;2478;3
train;2479;4
train;2480;2
train;2481;1
train;2482;6
train;2483;4
train;2484;6
train;2485;2
train;2486;2
train;2487;6
train;2488;5
train;2489;2
train;2490;3
train;2491;4
train;2492;3
train;2493;4
train;2494;3
train;2495;5
train;2496;3
train;2497;4
train;2498;5
train;2499;5
train;2500;7
train;2501;5
train;2502;10
train;2503;4
train;2504;3
train;2505;7
train;2506;3
train;2507;3
train;2508;5
train;2509;6
train;2510;4
train;2511;2
train;2512;5
train;2513;8
train;2514;4
train;2515;3
train;2516;7
train;2517;4
train;2518;2
train;2519;5
train;2520;3
train;2521;5
train;2522;6
train;2523;6
train;2524;3
train;2525;3
train;2526;5
train;2527;3
train;2528;8
train;2529;6
train;2531;4
train;2532;8
train;2533;5
train;2534;5
train;2535;6
train;2536;5
train;2537;3
train;2538;4
train;2539;6
train;2540;3
train;2541;3
train;2542;4
train;2543;4
train;2544;5
train;2545;4
train;2546;6
train;2547;4
train;2549;4
train;2550;1
train;2551;3
train;2552;5
train;2553;4
train;2554;7
train;2555;4
train;2556;7
train;2557;4
train;2558;6
train;2559;3
train;2560;6
train;2561;6
train;2562;3
train;2563;4
train;2564;6
train;2565;3
train;2566;4
train;2567;2
train;2568;8
train;2569;5
train;2570;7
train;2571;3
train;2572;5
train;2573;3
train;2574;3
train;2575;5
train;2576;4
train;2577;4
train;2578;4
train;2579;6
train;2580;5
train;2581;6
train;2582;5
train;2583;2
train;2584;9
train;2585;3
train;2586;6
train;2587;4
train;2588;4
train;2589;2
train;2590;4
train;2591;5
train;2592;4
train;2593;2
train;2594;4
train;2595;5
train;2596;5
train;2597;9
train;2598;6
train;2599;8
train;2600;3
train;2602;7
train;2603;5
train;2604;9
train;2605;4
train;2606;10
train;2607;2
train;2608;4
train;2609;5
train;2610;6
train;2611;3
train;2612;8
train;2613;7
train;2614;5
train;2615;6
train;2616;3
train;2617;1
train;2618;6
train;2619;6
train;2620;5
train;2621;3
train;2622;5
train;2623;3
train;2624;5
train;2625;3
train;2626;2
train;2627;2
train;2628;1
train;2629;2
train;2630;5
train;2631;4
train;2632;4
train;2633;3
train;2634;2
train;2635;5
train;2636;5
train;2637;2
train;2638;4
train;2639;4
train;2640;6
train;2641;3
train;2642;3
train;2643;3
train;2644;2
train;2645;4
train;2646;11
train;2647;7
train;2648;3
train;2649;3
train;2650;3
train;2651;4
train;2652;9
train;2653;3
train;2654;6
train;2655;3
train;2656;5
train;2657;3
train;2658;8
train;2659;3
train;2660;1
train;2661;5
train;2662;10
train;2663;1
train;2664;7
train;2665;4
train;2666;1
train;2667;9
train;2668;8
train;2669;3
train;2670;3
train;2671;3
train;2672;5
train;2673;5
train;2674;3
train;2675;5
train;2676;3
train;2677;7
train;2678;7
train;2679;5
train;2680;5
train;2681;4
train;2682;4
train;2683;3
train;2684;6
train;2685;3
train;2686;5
train;2687;4
train;2688;2
train;2689;3
train;2690;3
train;2691;5
train;2692;6
train;2693;3
train;2694;4
train;2695;1
train;2696;4
train;2697;3
train;2698;2
train;2699;2
train;2700;3
train;2701;3
train;2702;1
train;2703;2
train;2704;3
train;2705;1
train;2706;1
train;2707;1
train;2708;4
train;2709;3
train;2710;6
train;2711;2
train;2712;5
train;2713;3
train;2714;2
train;2715;4
train;2716;4
train;2717;4
train;2718;3
train;2719;3
train;2720;3
train;2721;9
train;2722;2
train;2723;3
train;2724;3
train;2725;2
train;2726;3
train;2727;2
train;2728;2
train;2729;2
train;2730;3
train;2731;3
train;2732;3
train;2733;3
train;2734;3
train;2735;8
train;2736;5
train;2737;2
train;2738;3
train;2739;4
train;2740;5
train;2741;4
train;2742;5
train;2744;7
train;2745;4
train;2746;3
train;2747;3
train;2748;7
train;2749;5
train;2750;3
train;2751;3
train;2752;3
train;2753;4
train;2754;4
train;2755;9
train;2756;5
train;2757;2
train;2758;3
train;2759;4
train;2760;3
train;2761;4
train;2762;4
train;2763;4
train;2764;2
train;2765;3
train;2766;3
train;2767;2
train;2768;5
train;2769;6
train;2770;4
train;2771;3
train;2772;3
train;2773;6
train;2774;3
train;2775;1
train;2776;7
train;2777;4
train;2778;3
train;2779;2
train;2780;7
train;2781;7
train;2782;4
train;2783;6
train;2784;3
train;2785;1
train;2786;4
train;2787;3
train;2788;6
train;2789;5
train;2790;5
train;2791;3
train;2792;3
train;2793;4
train;2794;6
train;2795;7
train;2796;6
train;2797;2
train;2798;5
train;2799;6
train;2800;6
train;2801;4
train;2802;5
train;2803;4
train;2804;3
train;2805;4
train;2806;2
train;2807;3
train;2808;6
train;2809;7
train;2810;3
train;2811;5
train;2812;4
train;2813;4
train;2814;1
train;2815;4
train;2816;3
train;2817;3
train;2818;3
train;2819;3
train;2820;4
train;2821;3
train;2822;4
train;2823;7
train;2824;5
train;2825;4
train;2826;4
train;2827;1
train;2828;3
train;2829;2
train;2830;4
train;2831;3
train;2832;7
train;2833;2
train;2834;5
train;2835;2
train;2836;4
train;2837;4
train;2838;3
train;2839;2
train;2840;6
train;2841;3
train;2842;5
train;2843;4
train;2844;1
train;2845;3
train;2846;4
train;2847;1
train;2848;4
train;2849;3
train;2850;4
train;2852;4
train;2853;3
train;2854;3
train;2855;1
train;2856;6
train;2857;2
train;2858;4
train;2859;5
train;2860;2
train;2861;3
train;2862;3
train;2863;4
train;2864;3
train;2865;2
train;2866;4
train;2867;2
train;2868;3
train;2869;3
train;2870;4
train;2871;4
train;2872;3
train;2874;8
train;2875;6
train;2876;7
train;2877;3
train;2878;2
train;2879;3
train;2880;5
train;2881;5
train;2882;3
train;2883;5
train;2884;5
train;2885;5
train;2886;6
train;2887;7
train;2888;2
train;2889;4
train;2890;5
train;2891;5
train;2892;3
train;2893;8
train;2894;1
train;2895;5
train;2896;3
train;2897;2
train;2898;5
train;2899;2
train;2900;3
train;2901;3
train;2902;2
train;2903;5
train;2904;9
train;2905;2
train;2906;8
train;2907;6
train;2908;2
train;2909;6
train;2910;3
train;2911;3
train;2912;3
train;2913;3
train;2914;4
train;2915;1
train;2917;3
train;2918;3
train;2919;9
train;2920;3
train;2921;3
train;2922;2
train;2923;2
train;2924;2
train;2925;2
train;2926;3
train;2927;4
train;2928;5
train;2929;3
train;2930;5
train;2931;6
train;2932;2
train;2933;2
train;2934;1
train;2935;3
train;2936;5
train;2937;2
train;2938;6
train;2939;4
train;2940;1
train;2941;5
train;2942;2
train;2943;2
train;2944;6
train;2945;4
train;2946;2
train;2947;7
train;2948;4
train;2949;10
train;2950;1
train;2951;5
train;2952;3
train;2953;4
train;2954;2
train;2955;3
train;2956;3
train;2957;7
train;2958;1
train;2959;6
train;2960;4
train;2961;5
train;2962;1
train;2963;2
train;2964;6
train;2965;6
train;2966;4
train;2967;4
train;2968;4
train;2969;3
train;2970;7
train;2971;9
train;2972;5
train;2973;3
train;2974;1
train;2975;3
train;2976;3
train;2977;3
train;2978;6
train;2979;4
train;2980;4
train;2981;2
train;2982;3
train;2984;7
train;2985;4
train;2986;3
train;2988;1
train;2989;2
train;2990;1
train;2991;3
train;2992;4
train;2993;4
train;2994;2
train;2995;2
train;2996;6
train;2997;4
train;2998;4
train;2999;3
train;3000;2
train;3001;1
train;3002;2
train;3003;1
train;3004;1
train;3005;2
train;3007;2
train;3008;1
train;3009;1
train;3010;3
train;3011;3
train;3012;2
train;3013;4
train;3014;3
train;3015;7
train;3016;6
train;3017;4
train;3018;2
train;3019;6
train;3020;6
train;3021;5
train;3022;4
train;3023;2
train;3024;4
train;3025;3
train;3026;5
train;3027;6
train;3028;6
train;3029;2
train;3030;1
train;3031;2
train;3032;3
train;3033;2
train;3034;3
train;3035;3
train;3036;2
train;3037;1
train;3038;6
train;3039;2
train;3040;3
train;3041;3
train;3042;1
train;3043;5
train;3044;2
train;3045;6
train;3046;4
train;3047;4
train;3048;4
train;3049;3
train;3051;5
train;3052;2
train;3053;3
train;3054;1
train;3055;3
train;3056;4
train;3057;4
train;3058;4
train;3059;3
train;3060;5
train;3061;4
train;3063;3
train;3064;3
train;3065;6
train;3066;7
train;3067;1
train;3068;2
train;3069;1
train;3070;4
train;3071;1
train;3072;3
train;3073;2
train;3074;3
train;3075;6
train;3076;3
train;3077;1
train;3078;2
train;3079;6
train;3080;1
train;3081;2
train;3082;3
train;3083;3
train;3084;1
train;3085;4
train;3086;1
train;3087;3
train;3088;4
train;3089;2
train;3090;2
train;3091;1
train;3092;8
train;3093;8
train;3094;1
train;3095;2
train;3096;3
train;3097;3
train;3098;5
train;3099;3
train;3100;4
train;3101;4
train;3102;2
train;3104;3
train;3105;2
train;3106;3
train;3107;2
train;3108;4
train;3109;3
train;3111;1
train;3112;2
train;3113;1
train;3114;4
train;3115;1
train;3116;6
train;3117;2
train;3118;2
train;3119;2
train;3120;2
train;3121;3
train;3122;4
train;3123;3
train;3124;2
train;3125;1
train;3126;5
train;3127;2
train;3128;3
train;3129;2
train;3130;7
train;3131;4
train;3132;1
train;3133;3
train;3134;3
train;3135;3
train;3136;1
train;3137;3
train;3138;3
train;3139;3
train;3140;4
train;3141;3
train;3142;4
train;3143;5
train;3144;2
train;3145;1
train;3146;3
train;3147;1
train;3148;1
train;3149;3
train;3151;3
train;3152;2
train;3153;2
train;3154;3
train;3155;3
train;3156;1
train;3157;2
train;3158;3
train;3159;4
train;3160;3
train;3161;5
train;3162;5
train;3163;1
train;3164;1
train;3165;2
train;3167;1
train;3169;2
train;3170;1
train;3171;6
train;3172;2
train;3173;2
train;3174;1
train;3175;6
train;3176;2
train;3178;2
train;3179;3
train;3180;3
train;3181;7
train;3182;3
train;3183;6
train;3184;5
train;3185;1
train;3186;3
train;3187;5
train;3188;2
train;3189;1
train;3190;1
train;3191;4
train;3192;6
train;3193;1
train;3194;4
train;3195;1
train;3196;4
train;3197;2
train;3198;4
train;3199;3
train;3200;2
train;3201;6
train;3202;1
train;3203;2
train;3204;3
train;3205;3
train;3206;1
train;3207;2
train;3208;3
train;3209;1
train;3210;1
train;3211;2
train;3212;4
train;3213;3
train;3214;4
train;3215;1
train;3216;2
train;3217;3
train;3218;1
train;3219;1
train;3220;4
train;3221;3
train;3223;2
train;3224;3
train;3225;2
train;3226;4
train;3227;4
train;3228;2
train;3230;1
train;3231;1
train;3232;2
train;3233;3
train;3234;2
train;3235;2
train;3236;1
train;3237;2
train;3238;2
train;3239;2
train;3240;5
train;3241;1
train;3242;1
train;3243;2
train;3244;2
train;3245;2
train;3246;3
train;3247;2
train;3248;3
train;3249;2
train;3250;1
train;3251;4
train;3252;2
train;3253;2
train;3255;1
train;3256;2
train;3257;2
train;3258;1
train;3259;1
train;3260;5
train;3261;2
train;3262;4
train;3263;1
train;3265;2
train;3266;3
train;3267;7
train;3268;1
train;3269;3
train;3270;3
train;3271;4
train;3272;1
train;3273;2
train;3274;1
train;3275;1
train;3276;2
train;3277;2
train;3279;1
train;3280;6
train;3282;3
train;3283;4
train;3285;1
train;3286;4
train;3288;1
train;3289;2
train;3290;1
train;3291;3
train;3292;1
train;3293;1
train;3294;2
train;3296;3
train;3297;3
train;3298;1
train;3299;3
train;3300;1
train;3301;1
train;3302;2
train;3303;1
train;3304;3
train;3305;1
train;3306;1
train;3307;2
train;3308;1
train;3310;2
train;3311;1
train;3312;3
train;3313;4
train;3314;2
train;3317;1
train;3318;3
train;3319;1
train;3321;2
train;3322;4
train;3323;2
train;3325;3
train;3326;3
train;3327;6
train;3328;2
train;3329;2
train;3330;1
train;3332;1
train;3333;1
train;3334;1
train;3335;3
train;3336;3
train;3337;2
train;3339;1
train;3340;4
train;3341;2
train;3344;3
train;3345;5
train;3346;3
train;3347;3
train;3348;4
train;3349;1
train;3350;2
train;3352;4
train;3353;1
train;3354;3
train;3355;3
train;3356;1
train;3357;1
train;3358;3
train;3359;1
train;3360;2
train;3361;3
train;3362;4
train;3363;3
train;3364;2
train;3366;2
train;3367;4
train;3368;3
train;3369;2
train;3370;4
train;3371;6
train;3372;5
train;3374;1
train;3375;2
train;3376;3
train;3377;1
train;3378;1
train;3379;2
train;3380;3
train;3381;3
train;3382;1
train;3384;3
train;3385;1
train;3386;4
train;3387;1
train;3388;3
train;3389;2
train;3390;1
train;3391;1
train;3393;1
train;3394;2
train;3395;2
train;3396;2
train;3397;1
train;3398;1
train;3399;2
train;3400;2
train;3401;4
train;3403;3
train;3404;3
train;3405;2
train;3406;4
train;3407;2
train;3408;2
train;3410;4
train;3411;1
train;3412;4
train;3414;1
train;3415;2
train;3416;3
train;3417;1
train;3418;5
train;3419;1
train;3420;1
train;3421;1
train;3422;3
train;3423;2
train;3425;1
train;3426;3
train;3427;1
train;3428;1
train;3429;1
train;3431;2
train;3432;3
train;3433;1
train;3434;4
train;3436;1
train;3438;1
train;3439;2
train;3440;2
train;3441;2
train;3442;1
train;3443;3
train;3444;2
train;3445;3
train;3446;1
train;3447;4
train;3448;1
train;3449;1
train;3451;3
train;3452;1
train;3453;1
train;3454;3
train;3456;1
train;3457;1
train;3459;1
train;3461;1
train;3462;4
train;3463;1
train;3464;1
train;3465;2
train;3466;2
train;3468;3
train;3469;2
train;3470;2
train;3472;2
train;3473;1
train;3474;2
train;3475;2
train;3476;4
train;3477;1
train;3479;2
train;3480;1
train;3483;2
train;3484;2
train;3485;1
train;3487;2
train;3488;1
train;3489;3
train;3490;2
train;3491;2
train;3494;1
train;3495;1
train;3496;2
train;3499;3
train;3500;1
train;3503;3
train;3504;2
train;3505;2
train;3506;4
train;3507;1
train;3508;2
train;3509;1
train;3510;1
train;3511;2
train;3512;2
train;3513;2
train;3514;1
train;3516;1
train;3518;1
train;3519;3
train;3521;1
train;3522;4
train;3524;1
train;3526;3
train;3528;3
train;3529;1
train;3530;1
train;3533;1
train;3534;2
train;3535;1
train;3536;1
train;3537;2
train;3538;1
train;3540;2
train;3541;3
train;3542;2
train;3544;1
train;3545;4
train;3546;1
train;3547;3
train;3548;2
train;3549;1
train;3550;1
train;3551;2
train;3552;1
train;3553;1
train;3554;1
train;3555;2
train;3556;1
train;3558;3
train;3559;2
train;3560;1
train;3561;1
train;3562;4
train;3563;2
train;3564;3
train;3566;1
train;3568;1
train;3569;2
train;3570;1
train;3571;2
train;3572;3
train;3573;1
train;3574;1
train;3575;1
train;3576;3
train;3577;2
train;3580;1
train;3581;2
train;3582;1
train;3584;3
train;3586;1
train;3587;3
train;3588;2
train;3592;1
train;3593;1
train;3594;1
train;3595;2
train;3596;1
train;3597;2
train;3598;2
train;3599;1
train;3600;1
train;3601;1
train;3602;1
train;3605;3
train;3607;2
train;3608;1
train;3609;2
train;3610;1
train;3611;1
train;3613;2
train;3614;2
train;3615;1
train;3616;2
train;3617;2
train;3618;2
train;3619;3
train;3621;2
train;3622;1
train;3624;2
train;3625;2
train;3626;1
train;3628;1
train;3629;3
train;3630;1
train;3632;1
train;3633;1
train;3635;1
train;3637;1
train;3639;2
train;3641;2
train;3642;2
train;3643;1
train;3644;1
train;3645;1
train;3646;1
train;3647;1
train;3648;5
train;3650;1
train;3652;2
train;3653;1
train;3655;2
train;3656;2
train;3657;3
train;3658;3
train;3660;2
train;3661;3
train;3664;1
train;3665;1
train;3666;1
train;3667;3
train;3668;1
train;3669;1
train;3671;2
train;3672;1
train;3673;1
train;3674;2
train;3676;1
train;3679;1
train;3680;1
train;3682;2
train;3684;1
train;3685;3
train;3686;4
train;3688;3
train;3692;2
train;3693;2
train;3694;1
train;3695;2
train;3698;1
train;3699;2
train;3700;1
train;3701;1
train;3703;1
train;3704;2
train;3706;2
train;3707;2
train;3708;2
train;3710;1
train;3711;2
train;3712;2
train;3715;1
train;3716;1
train;3717;2
train;3718;1
train;3720;2
train;3722;1
train;3725;1
train;3727;3
train;3728;1
train;3729;1
train;3730;1
train;3731;1
train;3732;1
train;3733;1
train;3734;1
train;3737;2
train;3738;1
train;3739;1
train;3740;2
train;3741;1
train;3742;1
train;3745;1
train;3748;1
train;3749;1
train;3751;2
train;3752;2
train;3754;2
train;3757;2
train;3758;2
train;3759;2
train;3760;2
train;3762;1
train;3764;1
train;3765;2
train;3766;1
train;3768;1
train;3770;1
train;3772;1
train;3773;1
train;3774;1
train;3776;1
train;3779;3
train;3780;1
train;3782;3
train;3783;1
train;3785;1
train;3791;3
train;3793;1
train;3794;2
train;3795;2
train;3797;2
train;3798;1
train;3799;1
train;3800;3
train;3802;1
train;3803;3
train;3804;2
train;3807;1
train;3808;2
train;3810;1
train;3813;2
train;3814;1
train;3815;2
train;3817;1
train;3818;1
train;3819;2
train;3822;1
train;3829;3
train;3831;2
train;3832;2
train;3834;1
train;3835;2
train;3836;1
train;3837;1
train;3838;1
train;3839;1
train;3840;1
train;3841;1
train;3842;1
train;3843;1
train;3844;1
train;3845;1
train;3846;3
train;3848;2
train;3849;1
train;3850;1
train;3851;2
train;3853;1
train;3854;1
train;3856;1
train;3857;2
train;3859;2
train;3861;2
train;3862;1
train;3865;3
train;3868;1
train;3869;1
train;3870;2
train;3872;1
train;3875;1
train;3876;2
train;3877;2
train;3878;1
train;3879;1
train;3880;2
train;3885;2
train;3887;1
train;3888;1
train;3890;1
train;3892;1
train;3893;2
train;3894;1
train;3896;2
train;3898;1
train;3900;1
train;3901;2
train;3904;1
train;3905;1
train;3906;1
train;3907;1
train;3908;1
train;3909;1
train;3912;1
train;3914;1
train;3919;1
train;3922;3
train;3923;2
train;3924;1
train;3929;2
train;3932;1
train;3934;2
train;3935;1
train;3936;1
train;3941;1
train;3942;1
train;3944;2
train;3948;3
train;3951;3
train;3958;1
train;3961;1
train;3963;1
train;3964;1
train;3966;1
train;3970;1
train;3972;1
train;3974;3
train;3975;1
train;3976;1
train;3978;1
train;3981;1
train;3982;1
train;3983;1
train;3985;1
train;3986;1
train;3989;1
train;3995;1
train;4000;1
train;4001;2
train;4002;2
train;4004;2
train;4005;1
train;4006;1
train;4008;3
train;4013;1
train;4015;1
train;4016;1
train;4017;2
train;4020;2
train;4022;1
train;4023;1
train;4026;1
train;4027;1
train;4028;2
train;4029;1
train;4032;1
train;4034;1
train;4037;2
train;4038;1
train;4039;2
train;4041;1
train;4043;1
train;4044;1
train;4046;2
train;4047;1
train;4048;1
train;4055;1
train;4057;1
train;4060;1
train;4063;1
train;4064;2
train;4065;1
train;4067;3
train;4068;1
train;4071;1
train;4076;1
train;4079;2
train;4080;1
train;4082;1
train;4083;1
train;4088;2
train;4090;2
train;4091;1
train;4098;1
train;4099;1
train;4101;1
train;4102;1
train;4104;2
train;4107;1
train;4109;1
train;4112;1
train;4114;1
train;4115;1
train;4118;1
train;4123;1
train;4125;1
train;4126;1
train;4132;1
train;4134;2
train;4145;1
train;4148;1
train;4150;1
train;4154;1
train;4155;1
train;4157;1
train;4160;1
train;4163;1
train;4170;1
train;4172;1
train;4174;1
train;4178;2
train;4180;1
train;4190;1
train;4205;1
train;4207;2
train;4215;1
train;4218;1
train;4220;1
train;4222;1
train;4226;1
train;4231;1
train;4233;1
train;4234;2
train;4238;1
train;4242;1
train;4243;1
train;4247;3
train;4248;1
train;4250;2
train;4266;1
train;4279;2
train;4283;1
train;4284;1
train;4286;1
train;4289;1
train;4293;1
train;4295;1
train;4298;2
train;4301;1
train;4302;1
train;4305;1
train;4306;1
train;4307;1
train;4310;1
train;4311;1
train;4315;1
train;4316;1
train;4321;1
train;4323;1
train;4326;1
train;4328;1
train;4329;1
train;4330;1
train;4331;2
train;4332;2
train;4333;1
train;4334;1
train;4335;1
train;4338;1
train;4339;1
train;4340;2
train;4341;2
train;4342;1
train;4345;1
train;4349;1
train;4357;1
train;4359;2
train;4361;1
train;4362;1
train;4363;1
train;4367;2
train;4376;1
train;4377;1
train;4380;1
train;4382;3
train;4385;4
train;4391;1
train;4394;1
train;4405;1
train;4410;3
train;4417;1
train;4418;2
train;4421;3
train;4422;2
train;4425;1
train;4426;2
train;4429;1
train;4432;1
train;4435;2
train;4436;1
train;4437;1
train;4440;1
train;4446;1
train;4450;1
train;4452;1
train;4459;2
train;4461;1
train;4462;2
train;4466;1
train;4471;1
train;4473;1
train;4476;1
train;4478;2
train;4482;1
train;4487;2
train;4491;1
train;4501;1
train;4503;1
train;4510;2
train;4515;1
train;4516;1
train;4517;2
train;4519;2
train;4522;1
train;4525;1
train;4529;1
train;4531;3
train;4550;1
train;4552;1
train;4556;1
train;4558;1
train;4559;1
train;4560;1
train;4562;2
train;4563;1
train;4567;1
train;4570;1
train;4581;1
train;4582;1
train;4587;1
train;4589;1
train;4591;1
train;4592;1
train;4595;1
train;4596;1
train;4598;2
train;4602;1
train;4603;1
train;4605;1
train;4609;1
train;4610;1
train;4612;1
train;4614;1
train;4615;1
train;4616;1
train;4619;1
train;4620;2
train;4625;1
train;4629;1
train;4630;1
train;4631;1
train;4635;1
train;4639;1
train;4642;1
train;4643;1
train;4647;1
train;4648;1
train;4649;1
train;4653;1
train;4654;1
train;4656;1
train;4659;1
train;4660;1
train;4662;1
train;4665;1
train;4666;1
train;4674;1
train;4675;2
train;4686;1
train;4688;1
train;4698;1
train;4700;1
train;4709;1
train;4712;1
train;4720;1
train;4724;1
train;4729;1
train;4733;1
train;4735;1
train;4737;1
train;4745;1
train;4747;1
train;4748;1
train;4751;1
train;4753;1
train;4757;1
train;4759;1
train;4763;1
train;4766;2
train;4772;1
train;4778;1
train;4789;1
train;4791;1
train;4792;1
train;4798;2
train;4806;1
train;4808;1
train;4809;1
train;4813;1
train;4816;1
train;4823;3
train;4827;1
train;4828;2
train;4838;1
train;4849;1
train;4856;1
train;4865;1
train;4870;1
train;4884;1
train;4889;1
train;4892;1
train;4893;1
train;4894;1
train;4905;1
train;4916;1
train;4922;1
train;4923;1
train;4928;1
train;4930;1
train;4936;1
train;4938;1
train;4945;1
train;4947;1
train;4948;1
train;4949;1
train;4953;1
train;4961;1
train;4963;2
train;4964;1
train;4969;1
train;4970;1
train;4973;1
train;4979;1
train;4982;1
train;4991;1
train;4993;1
train;4997;1
train;4998;1
train;5002;1
train;5003;1
train;5007;1
train;5008;1
train;5012;1
train;5017;2
train;5018;1
train;5024;1
train;5033;2
train;5035;1
train;5046;1
train;5049;1
train;5055;1
train;5058;1
train;5064;3
train;5066;1
train;5067;1
train;5072;1
train;5075;1
train;5077;1
train;5083;1
train;5086;1
train;5087;1
train;5093;1
train;5098;1
train;5100;1
train;5103;1
train;5107;1
train;5108;1
train;5114;1
train;5115;1
train;5119;1
train;5127;1
train;5129;1
train;5135;1
train;5137;1
train;5141;1
train;5144;1
train;5151;1
train;5153;1
train;5154;1
train;5162;1
train;5165;1
train;5168;1
train;5171;1
train;5176;3
train;5179;1
train;5180;1
train;5186;1
train;5194;1
train;5195;1
train;5217;1
train;5218;1
train;5219;1
train;5220;1
train;5221;1
train;5227;1
train;5233;1
train;5234;1
train;5236;1
train;5238;3
train;5240;2
train;5241;1
train;5245;2
train;5248;2
train;5249;1
train;5256;1
train;5264;1
train;5266;1
train;5268;1
train;5270;1
train;5271;1
train;5274;1
train;5275;1
train;5276;1
train;5279;1
train;5281;1
train;5286;1
train;5291;1
train;5292;1
train;5304;1
train;5315;1
train;5321;1
train;5325;1
train;5350;1
train;5371;1
train;5374;1
train;5375;1
train;5382;1
train;5386;1
train;5391;1
train;5404;2
train;5407;2
train;5422;1
train;5428;1
train;5434;1
train;5451;1
train;5461;1
train;5468;1
train;5478;1
train;5486;1
train;5512;1
train;5513;1
train;5518;1
train;5527;1
train;5535;1
train;5536;1
train;5553;1
train;5555;1
train;5564;1
train;5567;1
train;5572;1
train;5603;1
train;5773;1
validation;0;1859
validation;1;138
validation;2;108
validation;3;98
validation;4;71
validation;5;54
validation;6;39
validation;7;50
validation;8;42
validation;9;40
validation;10;30
validation;11;20
validation;12;27
validation;13;21
validation;14;13
validation;15;21
validation;16;21
validation;17;13
validation;18;17
validation;19;17
validation;20;18
validation;21;23
validation;22;18
validation;23;13
validation;24;21
validation;25;23
validation;26;14
validation;27;16
validation;28;17
validation;29;14
validation;30;9
validation;31;10
validation;32;19
validation;33;11
validation;34;13
validation;35;9
validation;36;12
validation;37;13
validation;38;8
validation;39;11
validation;40;11
validation;41;4
validation;42;4
validation;43;9
validation;44;9
validation;45;4
validation;46;6
validation;47;10
validation;48;10
validation;49;12
validation;50;11
validation;51;9
validation;52;10
validation;53;6
validation;54;12
validation;55;4
validation;56;7
validation;57;9
validation;58;10
validation;59;9
validation;60;7
validation;61;5
validation;62;11
validation;63;13
validation;64;8
validation;65;10
validation;66;9
validation;67;5
validation;68;9
validation;69;4
validation;70;7
validation;71;7
validation;72;9
validation;73;8
validation;74;8
validation;75;7
validation;76;9
validation;77;5
validation;78;11
validation;79;5
validation;80;10
validation;81;12
validation;82;6
validation;83;8
validation;84;6
validation;85;10
validation;86;8
validation;87;8
validation;88;3
validation;89;8
validation;90;9
validation;91;8
validation;92;11
validation;93;9
validation;94;9
validation;95;10
validation;96;12
validation;97;9
validation;98;7
validation;99;4
validation;100;9
validation;101;3
validation;102;4
validation;104;6
validation;105;10
validation;106;10
validation;107;12
validation;108;5
validation;109;8
validation;110;5
validation;111;6
validation;112;10
validation;113;5
validation;114;11
validation;115;5
validation;116;9
validation;117;7
validation;118;8
validation;119;13
validation;120;7
validation;121;10
validation;122;11
validation;123;10
validation;124;4
validation;125;5
validation;126;10
validation;127;10
validation;128;9
validation;129;8
validation;130;8
validation;131;13
validation;132;8
validation;133;5
validation;134;6
validation;135;8
validation;136;8
validation;137;2
validation;138;5
validation;139;7
validation;140;6
validation;141;8
validation;142;7
validation;143;9
validation;144;6
validation;145;7
validation;146;4
validation;147;2
validation;148;4
validation;149;8
validation;150;4
validation;151;5
validation;152;11
validation;153;4
validation;154;7
validation;155;6
validation;156;12
validation;157;2
validation;158;10
validation;159;8
validation;160;5
validation;161;6
validation;162;6
validation;163;9
validation;164;9
validation;165;3
validation;166;3
validation;167;5
validation;168;6
validation;169;5
validation;170;4
validation;171;6
validation;172;4
validation;173;3
validation;174;12
validation;175;4
validation;176;2
validation;177;5
validation;178;8
validation;179;4
validation;180;5
validation;181;2
validation;182;2
validation;183;3
validation;184;7
validation;185;5
validation;186;6
validation;187;4
validation;188;9
validation;189;5
validation;190;2
validation;191;3
validation;192;5
validation;193;1
validation;194;7
validation;195;3
validation;196;3
validation;197;4
validation;198;7
validation;199;7
validation;200;5
validation;201;3
validation;202;5
validation;203;3
validation;204;11
validation;205;7
validation;206;4
validation;207;8
validation;208;2
validation;209;4
validation;210;6
validation;211;4
validation;212;6
validation;213;9
validation;214;1
validation;215;9
validation;217;10
validation;218;5
validation;219;5
validation;220;4
validation;221;3
validation;222;6
validation;223;5
validation;224;5
validation;225;7
validation;226;5
validation;227;7
validation;228;6
validation;229;7
validation;230;6
validation;231;2
validation;232;13
validation;233;4
validation;234;8
validation;235;6
validation;236;8
validation;237;5
validation;238;1
validation;239;7
validation;240;5
validation;241;10
validation;242;8
validation;243;5
validation;244;6
validation;245;3
validation;246;13
validation;247;5
validation;248;5
validation;249;13
validation;250;7
validation;251;9
validation;252;6
validation;253;6
validation;254;6
validation;255;11
validation;256;9
validation;257;5
validation;258;3
validation;259;7
validation;260;7
validation;261;8
validation;262;12
validation;263;4
validation;264;7
validation;265;9
validation;266;4
validation;267;4
validation;268;7
validation;269;9
validation;270;2
validation;271;5
validation;272;8
validation;273;8
validation;274;4
validation;275;3
validation;276;10
validation;277;11
validation;278;8
validation;279;6
validation;280;3
validation;281;8
validation;282;5
validation;283;8
validation;284;4
validation;285;6
validation;286;9
validation;287;8
validation;288;7
validation;289;5
validation;290;3
validation;291;6
validation;292;5
validation;293;11
validation;294;9
validation;295;7
validation;296;7
validation;297;5
validation;298;11
validation;299;5
validation;300;4
validation;301;8
validation;302;6
validation;303;8
validation;304;6
validation;305;6
validation;306;2
validation;307;5
validation;308;7
validation;309;5
validation;310;5
validation;311;5
validation;312;6
validation;313;2
validation;314;5
validation;315;5
validation;316;5
validation;317;4
validation;318;7
validation;319;10
validation;320;11
validation;321;5
validation;322;4
validation;323;5
validation;324;9
validation;325;7
validation;326;5
validation;327;5
validation;328;6
validation;329;3
validation;330;3
validation;332;7
validation;333;5
validation;334;8
validation;335;6
validation;336;2
validation;337;9
validation;338;4
validation;339;6
validation;340;6
validation;341;4
validation;342;7
validation;343;6
validation;344;3
validation;345;3
validation;346;5
validation;347;7
validation;348;3
validation;349;3
validation;350;7
validation;351;5
validation;352;7
validation;353;4
validation;354;7
validation;355;7
validation;356;2
validation;357;6
validation;358;6
validation;359;4
validation;360;4
validation;361;7
validation;362;4
validation;363;5
validation;364;3
validation;365;4
validation;366;3
validation;367;4
validation;368;6
validation;369;4
validation;370;2
validation;371;2
validation;372;5
validation;373;3
validation;374;5
validation;375;9
validation;376;7
validation;377;4
validation;378;8
validation;380;3
validation;381;10
validation;382;3
validation;383;8
validation;384;5
validation;385;6
validation;386;6
validation;387;3
validation;388;5
validation;389;6
validation;390;7
validation;391;5
validation;392;6
validation;393;5
validation;394;6
validation;395;5
validation;396;5
validation;397;4
validation;398;4
validation;399;2
validation;400;3
validation;401;5
validation;402;4
validation;403;4
validation;404;6
validation;405;9
validation;406;4
validation;407;10
validation;408;3
validation;409;6
validation;410;4
validation;411;5
validation;412;5
validation;413;6
validation;414;6
validation;415;6
validation;416;7
validation;417;4
validation;418;6
validation;419;8
validation;420;10
validation;421;2
validation;422;13
validation;423;7
validation;424;5
validation;425;8
validation;426;7
validation;427;9
validation;428;5
validation;429;9
validation;430;7
validation;431;7
validation;432;5
validation;433;11
validation;434;5
validation;435;5
validation;436;3
validation;437;8
validation;438;5
validation;439;5
validation;440;5
validation;441;6
validation;442;10
validation;443;4
validation;444;5
validation;445;5
validation;446;2
validation;447;10
validation;448;8
validation;449;5
validation;450;6
validation;451;5
validation;452;14
validation;453;4
validation;454;7
validation;455;6
validation;456;15
validation;457;3
validation;458;7
validation;459;8
validation;460;12
validation;461;7
validation;462;7
validation;463;8
validation;464;4
validation;465;6
validation;466;8
validation;467;7
validation;468;5
validation;469;10
validation;470;5
validation;471;7
validation;472;7
validation;473;9
validation;474;5
validation;475;3
validation;476;2
validation;477;8
validation;478;3
validation;479;8
validation;480;6
validation;481;7
validation;482;11
validation;483;8
validation;484;7
validation;485;6
validation;486;9
validation;487;4
validation;488;12
validation;489;10
validation;490;7
validation;491;10
validation;492;5
validation;493;3
validation;494;2
validation;495;8
validation;496;11
validation;497;6
validation;498;8
validation;499;5
validation;500;5
validation;501;7
validation;502;10
validation;503;8
validation;504;11
validation;505;11
validation;506;9
validation;507;7
validation;508;5
validation;509;10
validation;510;8
validation;511;8
validation;512;5
validation;513;7
validation;514;9
validation;515;4
validation;516;4
validation;517;8
validation;518;7
validation;519;5
validation;520;9
validation;521;10
validation;522;5
validation;523;7
validation;524;3
validation;525;4
validation;526;5
validation;527;7
validation;528;7
validation;529;12
validation;530;5
validation;531;4
validation;532;10
validation;533;8
validation;534;6
validation;535;5
validation;536;11
validation;537;5
validation;538;5
validation;539;6
validation;540;2
validation;541;7
validation;542;4
validation;543;6
validation;544;6
validation;545;6
validation;546;8
validation;547;3
validation;548;2
validation;549;8
validation;550;7
validation;551;4
validation;552;5
validation;553;6
validation;554;5
validation;555;3
validation;556;4
validation;557;3
validation;558;6
validation;559;4
validation;560;1
validation;561;4
validation;562;5
validation;563;7
validation;564;4
validation;565;2
validation;566;3
validation;567;3
validation;568;6
validation;569;7
validation;570;5
validation;571;3
validation;572;5
validation;573;9
validation;574;7
validation;575;1
validation;576;5
validation;577;7
validation;578;10
validation;579;3
validation;580;11
validation;581;8
validation;582;3
validation;583;5
validation;584;5
validation;585;4
validation;586;4
validation;587;8
validation;588;10
validation;589;4
validation;590;4
validation;591;9
validation;592;8
validation;593;2
validation;594;4
validation;595;8
validation;596;2
validation;597;3
validation;598;7
validation;599;3
validation;600;7
validation;601;8
validation;602;5
validation;603;8
validation;604;2
validation;605;3
validation;606;7
validation;607;4
validation;608;8
validation;609;6
validation;610;2
validation;611;5
validation;612;6
validation;613;7
validation;614;2
validation;615;6
validation;616;4
validation;617;6
validation;618;8
validation;619;6
validation;620;8
validation;621;4
validation;622;5
validation;623;4
validation;624;2
validation;625;4
validation;626;4
validation;627;7
validation;628;4
validation;629;6
validation;630;5
validation;631;6
validation;632;8
validation;633;5
validation;634;2
validation;635;8
validation;636;1
validation;637;7
validation;638;2
validation;639;5
validation;640;4
validation;641;3
validation;642;4
validation;643;6
validation;644;1
validation;645;2
validation;646;6
validation;647;2
validation;648;1
validation;649;3
validation;650;7
validation;651;4
validation;652;4
validation;653;4
validation;654;5
validation;655;4
validation;656;5
validation;657;6
validation;658;13
validation;659;1
validation;660;4
validation;661;3
validation;662;8
validation;663;5
validation;664;3
validation;665;4
validation;666;8
validation;667;5
validation;668;5
validation;669;1
validation;670;2
validation;671;6
validation;672;6
validation;673;1
validation;674;3
validation;675;5
validation;676;4
validation;677;9
validation;679;5
validation;680;5
validation;681;4
validation;682;10
validation;683;2
validation;684;3
validation;685;7
validation;686;7
validation;687;8
validation;688;1
validation;689;4
validation;690;4
validation;691;4
validation;692;5
validation;693;2
validation;694;3
validation;695;4
validation;696;5
validation;697;9
validation;698;6
validation;699;2
validation;700;4
validation;701;4
validation;702;5
validation;703;8
validation;704;4
validation;705;5
validation;706;8
validation;707;3
validation;708;10
validation;709;5
validation;710;3
validation;711;7
validation;712;5
validation;713;3
validation;714;7
validation;715;7
validation;716;3
validation;717;9
validation;718;4
validation;719;4
validation;720;3
validation;721;5
validation;722;2
validation;723;5
validation;724;2
validation;725;3
validation;726;1
validation;727;5
validation;728;3
validation;729;4
validation;730;8
validation;731;4
validation;732;7
validation;733;5
validation;734;7
validation;735;2
validation;736;6
validation;737;3
validation;738;6
validation;739;6
validation;740;4
validation;741;7
validation;742;4
validation;743;4
validation;744;3
validation;745;4
validation;746;4
validation;747;7
validation;748;6
validation;749;3
validation;751;6
validation;752;6
validation;753;3
validation;754;8
validation;755;4
validation;756;3
validation;758;6
validation;759;3
validation;760;4
validation;761;8
validation;762;3
validation;763;3
validation;764;2
validation;765;1
validation;766;1
validation;767;5
validation;768;7
validation;769;2
validation;770;4
validation;771;3
validation;772;4
validation;773;4
validation;774;3
validation;775;4
validation;776;5
validation;777;2
validation;778;4
validation;779;4
validation;780;4
validation;781;6
validation;782;3
validation;783;3
validation;784;3
validation;785;1
validation;786;7
validation;787;5
validation;788;3
validation;789;5
validation;790;4
validation;791;2
validation;792;1
validation;793;5
validation;794;5
validation;795;5
validation;796;2
validation;797;7
validation;798;3
validation;799;5
validation;800;3
validation;801;2
validation;802;4
validation;803;6
validation;804;5
validation;805;1
validation;807;4
validation;808;4
validation;809;3
validation;810;3
validation;811;4
validation;812;7
validation;813;1
validation;814;5
validation;815;2
validation;816;8
validation;817;5
validation;818;6
validation;819;2
validation;820;3
validation;821;5
validation;822;2
validation;823;2
validation;824;10
validation;825;4
validation;826;2
validation;827;6
validation;828;3
validation;829;1
validation;830;5
validation;831;4
validation;832;3
validation;833;3
validation;834;1
validation;835;3
validation;836;5
validation;837;5
validation;838;5
validation;839;6
validation;840;4
validation;841;2
validation;842;1
validation;843;4
validation;844;2
validation;845;5
validation;846;1
validation;847;2
validation;848;2
validation;849;5
validation;850;7
validation;851;1
validation;852;3
validation;853;3
validation;855;5
validation;856;7
validation;857;6
validation;858;2
validation;859;7
validation;860;1
validation;861;3
validation;862;3
validation;863;4
validation;864;4
validation;865;3
validation;866;3
validation;868;2
validation;869;6
validation;870;2
validation;871;4
validation;872;3
validation;873;5
validation;874;2
validation;875;2
validation;876;6
validation;877;3
validation;878;5
validation;879;1
validation;880;4
validation;881;4
validation;882;2
validation;883;4
validation;884;4
validation;885;1
validation;886;2
validation;887;2
validation;888;5
validation;889;2
validation;890;6
validation;891;1
validation;892;5
validation;893;1
validation;894;5
validation;895;2
validation;896;2
validation;897;2
validation;898;6
validation;900;1
validation;901;3
validation;902;1
validation;903;2
validation;904;4
validation;905;5
validation;906;3
validation;907;3
validation;908;1
validation;909;4
validation;910;3
validation;911;3
validation;912;2
validation;913;2
validation;914;3
validation;915;2
validation;917;1
validation;918;3
validation;919;2
validation;920;1
validation;921;4
validation;922;2
validation;923;2
validation;925;4
validation;926;4
validation;927;2
validation;928;2
validation;930;3
validation;931;3
validation;932;4
validation;933;4
validation;934;3
validation;935;1
validation;936;3
validation;937;2
validation;938;4
validation;939;3
validation;940;1
validation;941;5
validation;942;2
validation;943;3
validation;944;2
validation;945;2
validation;946;6
validation;947;5
validation;949;1
validation;950;3
validation;951;1
validation;952;3
validation;953;3
validation;954;4
validation;956;3
validation;957;1
validation;958;3
validation;959;2
validation;960;4
validation;961;5
validation;962;4
validation;963;1
validation;964;4
validation;965;3
validation;967;3
validation;968;6
validation;969;1
validation;970;3
validation;971;2
validation;972;1
validation;973;1
validation;974;3
validation;976;2
validation;977;2
validation;979;3
validation;980;4
validation;981;3
validation;982;2
validation;984;1
validation;985;7
validation;986;3
validation;987;1
validation;988;4
validation;990;1
validation;991;3
validation;992;3
validation;993;2
validation;994;1
validation;995;2
validation;996;2
validation;997;3
validation;998;1
validation;999;1
validation;1000;1
validation;1001;3
validation;1002;2
validation;1003;1
validation;1004;3
validation;1005;1
validation;1006;1
validation;1007;4
validation;1008;3
validation;1009;6
validation;1010;1
validation;1011;3
validation;1012;5
validation;1013;2
validation;1014;4
validation;1015;1
validation;1016;2
validation;1018;5
validation;1019;3
validation;1020;2
validation;1021;1
validation;1022;3
validation;1023;1
validation;1024;3
validation;1025;1
validation;1026;2
validation;1027;1
validation;1028;3
validation;1029;3
validation;1030;5
validation;1031;3
validation;1032;3
validation;1033;1
validation;1034;3
validation;1035;3
validation;1036;2
validation;1037;2
validation;1038;2
validation;1039;2
validation;1040;5
validation;1041;4
validation;1042;3
validation;1043;3
validation;1044;5
validation;1045;4
validation;1046;1
validation;1047;4
validation;1048;2
validation;1049;2
validation;1050;3
validation;1051;1
validation;1052;2
validation;1053;3
validation;1054;3
validation;1055;2
validation;1056;3
validation;1057;8
validation;1058;2
validation;1059;2
validation;1061;1
validation;1062;3
validation;1063;3
validation;1064;8
validation;1065;2
validation;1066;5
validation;1067;1
validation;1068;5
validation;1069;2
validation;1071;2
validation;1072;1
validation;1073;2
validation;1074;4
validation;1075;2
validation;1076;1
validation;1077;2
validation;1078;4
validation;1079;1
validation;1080;2
validation;1081;3
validation;1082;2
validation;1083;1
validation;1084;5
validation;1085;4
validation;1086;3
validation;1087;4
validation;1088;3
validation;1089;4
validation;1090;3
validation;1092;4
validation;1093;4
validation;1094;2
validation;1095;2
validation;1096;4
validation;1097;2
validation;1098;2
validation;1101;3
validation;1102;4
validation;1103;3
validation;1104;2
validation;1105;2
validation;1106;4
validation;1107;1
validation;1108;4
validation;1109;4
validation;1110;3
validation;1111;2
validation;1112;2
validation;1113;2
validation;1114;2
validation;1115;3
validation;1116;2
validation;1117;1
validation;1118;1
validation;1119;4
validation;1120;4
validation;1121;4
validation;1122;1
validation;1123;3
validation;1124;1
validation;1125;1
validation;1127;4
validation;1128;4
validation;1129;2
validation;1130;3
validation;1131;3
validation;1132;2
validation;1133;3
validation;1134;5
validation;1135;3
validation;1136;3
validation;1137;2
validation;1138;2
validation;1139;2
validation;1140;5
validation;1141;1
validation;1142;3
validation;1143;2
validation;1144;4
validation;1145;5
validation;1146;3
validation;1147;3
validation;1148;4
validation;1149;3
validation;1150;2
validation;1151;2
validation;1152;2
validation;1154;2
validation;1155;1
validation;1156;1
validation;1157;5
validation;1158;5
validation;1159;2
validation;1160;3
validation;1161;2
validation;1162;1
validation;1163;3
validation;1164;3
validation;1165;2
validation;1166;3
validation;1167;4
validation;1168;1
validation;1169;2
validation;1171;1
validation;1172;2
validation;1173;1
validation;1174;2
validation;1175;2
validation;1176;2
validation;1177;2
validation;1178;2
validation;1179;1
validation;1181;3
validation;1182;3
validation;1183;3
validation;1184;1
validation;1185;1
validation;1186;3
validation;1188;5
validation;1189;2
validation;1190;2
validation;1191;1
validation;1192;2
validation;1193;1
validation;1195;1
validation;1196;2
validation;1197;3
validation;1198;3
validation;1199;1
validation;1200;5
validation;1201;2
validation;1202;3
validation;1203;2
validation;1204;3
validation;1205;2
validation;1206;1
validation;1207;4
validation;1208;2
validation;1209;4
validation;1210;3
validation;1211;1
validation;1212;2
validation;1213;4
validation;1214;4
validation;1215;7
validation;1216;1
validation;1217;2
validation;1218;1
validation;1219;1
validation;1220;4
validation;1221;3
validation;1223;6
validation;1224;6
validation;1225;3
validation;1226;1
validation;1227;8
validation;1228;6
validation;1229;3
validation;1230;4
validation;1231;5
validation;1232;1
validation;1233;4
validation;1234;1
validation;1235;4
validation;1236;4
validation;1237;3
validation;1238;4
validation;1239;1
validation;1240;3
validation;1241;3
validation;1242;6
validation;1243;1
validation;1244;5
validation;1245;3
validation;1246;3
validation;1247;4
validation;1248;6
validation;1249;4
validation;1250;6
validation;1251;4
validation;1252;2
validation;1253;2
validation;1254;1
validation;1255;4
validation;1256;3
validation;1257;1
validation;1258;4
validation;1259;5
validation;1260;3
validation;1261;5
validation;1262;2
validation;1263;2
validation;1264;3
validation;1265;3
validation;1266;3
validation;1267;2
validation;1268;3
validation;1269;1
validation;1270;4
validation;1271;8
validation;1272;3
validation;1273;4
validation;1274;5
validation;1275;2
validation;1276;4
validation;1277;3
validation;1278;3
validation;1279;2
validation;1280;1
validation;1281;5
validation;1282;5
validation;1283;3
validation;1284;1
validation;1285;2
validation;1286;7
validation;1287;1
validation;1288;1
validation;1289;6
validation;1290;4
validation;1291;2
validation;1292;2
validation;1293;6
validation;1294;4
validation;1295;6
validation;1296;6
validation;1297;3
validation;1298;3
validation;1299;3
validation;1300;4
validation;1301;2
validation;1302;3
validation;1303;4
validation;1304;2
validation;1305;4
validation;1306;2
validation;1307;2
validation;1308;3
validation;1309;3
validation;1310;1
validation;1311;2
validation;1312;4
validation;1313;1
validation;1314;4
validation;1315;5
validation;1316;4
validation;1317;3
validation;1318;1
validation;1319;4
validation;1320;6
validation;1321;4
validation;1322;3
validation;1323;7
validation;1324;5
validation;1325;2
validation;1326;3
validation;1327;1
validation;1328;2
validation;1329;4
validation;1330;7
validation;1331;2
validation;1332;2
validation;1333;2
validation;1334;5
validation;1335;3
validation;1336;5
validation;1337;5
validation;1338;3
validation;1339;3
validation;1340;3
validation;1341;4
validation;1342;1
validation;1343;7
validation;1344;1
validation;1345;6
validation;1346;2
validation;1347;2
validation;1348;4
validation;1349;2
validation;1350;1
validation;1351;4
validation;1352;2
validation;1353;2
validation;1354;3
validation;1355;6
validation;1356;2
validation;1357;4
validation;1358;1
validation;1359;4
validation;1360;4
validation;1361;4
validation;1362;6
validation;1363;6
validation;1364;6
validation;1365;2
validation;1366;6
validation;1367;6
validation;1368;7
validation;1369;6
validation;1370;6
validation;1371;3
validation;1372;3
validation;1373;5
validation;1374;1
validation;1375;3
validation;1376;6
validation;1377;6
validation;1378;2
validation;1379;1
validation;1380;1
validation;1381;5
validation;1382;3
validation;1383;7
validation;1384;5
validation;1385;7
validation;1386;5
validation;1387;3
validation;1388;2
validation;1389;7
validation;1390;4
validation;1391;6
validation;1393;9
validation;1394;2
validation;1395;3
validation;1396;7
validation;1397;4
validation;1398;6
validation;1399;3
validation;1400;2
validation;1401;5
validation;1402;1
validation;1403;7
validation;1404;3
validation;1405;3
validation;1406;2
validation;1407;4
validation;1408;6
validation;1409;2
validation;1410;5
validation;1411;7
validation;1412;3
validation;1413;6
validation;1414;5
validation;1415;6
validation;1416;7
validation;1417;3
validation;1418;4
validation;1419;5
validation;1420;8
validation;1421;2
validation;1422;7
validation;1423;1
validation;1424;7
validation;1425;5
validation;1426;3
validation;1427;4
validation;1428;7
validation;1429;5
validation;1431;7
validation;1432;4
validation;1433;4
validation;1434;6
validation;1435;1
validation;1436;2
validation;1437;9
validation;1438;5
validation;1439;5
validation;1440;5
validation;1441;7
validation;1442;9
validation;1443;2
validation;1444;3
validation;1445;3
validation;1446;5
validation;1447;3
validation;1448;5
validation;1449;6
validation;1450;2
validation;1451;6
validation;1452;5
validation;1453;7
validation;1454;4
validation;1455;7
validation;1456;7
validation;1457;3
validation;1458;5
validation;1459;5
validation;1461;7
validation;1462;5
validation;1463;5
validation;1464;3
validation;1465;3
validation;1466;2
validation;1467;5
validation;1468;7
validation;1469;3
validation;1470;5
validation;1471;5
validation;1472;3
validation;1473;3
validation;1474;3
validation;1475;4
validation;1476;5
validation;1477;6
validation;1478;2
validation;1479;3
validation;1480;7
validation;1481;3
validation;1482;4
validation;1483;3
validation;1484;4
validation;1485;1
validation;1486;7
validation;1487;4
validation;1488;5
validation;1489;4
validation;1490;6
validation;1491;3
validation;1492;6
validation;1493;3
validation;1494;4
validation;1495;6
validation;1496;6
validation;1497;4
validation;1498;3
validation;1499;8
validation;1500;4
validation;1501;3
validation;1502;3
validation;1503;2
validation;1504;2
validation;1505;4
validation;1506;5
validation;1507;2
validation;1508;4
validation;1509;2
validation;1510;1
validation;1511;5
validation;1512;8
validation;1513;4
validation;1514;7
validation;1515;3
validation;1516;5
validation;1517;7
validation;1518;5
validation;1519;5
validation;1520;3
validation;1521;5
validation;1522;5
validation;1523;4
validation;1524;5
validation;1525;2
validation;1526;2
validation;1527;5
validation;1528;4
validation;1529;7
validation;1530;4
validation;1531;5
validation;1532;4
validation;1533;4
validation;1534;2
validation;1535;2
validation;1536;5
validation;1537;3
validation;1538;2
validation;1539;4
validation;1540;2
validation;1541;8
validation;1542;6
validation;1543;2
validation;1544;5
validation;1545;4
validation;1546;4
validation;1547;8
validation;1548;9
validation;1549;5
validation;1550;1
validation;1551;5
validation;1552;4
validation;1553;6
validation;1554;3
validation;1555;3
validation;1556;5
validation;1557;2
validation;1558;4
validation;1559;3
validation;1560;5
validation;1561;2
validation;1562;2
validation;1563;5
validation;1564;2
validation;1565;5
validation;1566;5
validation;1567;3
validation;1568;9
validation;1569;4
validation;1570;2
validation;1571;6
validation;1572;8
validation;1573;6
validation;1574;3
validation;1575;3
validation;1576;4
validation;1577;7
validation;1578;4
validation;1579;3
validation;1580;4
validation;1581;3
validation;1582;3
validation;1583;4
validation;1584;2
validation;1585;3
validation;1586;4
validation;1587;3
validation;1588;7
validation;1589;5
validation;1590;2
validation;1591;4
validation;1592;2
validation;1593;7
validation;1594;3
validation;1595;3
validation;1596;4
validation;1597;7
validation;1598;5
validation;1599;4
validation;1601;3
validation;1602;4
validation;1603;4
validation;1604;2
validation;1605;4
validation;1606;2
validation;1607;3
validation;1608;3
validation;1609;2
validation;1610;3
validation;1611;2
validation;1612;3
validation;1613;5
validation;1614;1
validation;1615;2
validation;1616;5
validation;1617;1
validation;1618;4
validation;1619;6
validation;1620;7
validation;1621;2
validation;1622;6
validation;1624;1
validation;1625;3
validation;1626;3
validation;1628;6
validation;1629;3
validation;1630;3
validation;1631;1
validation;1632;3
validation;1633;7
validation;1634;3
validation;1635;3
validation;1636;3
validation;1637;3
validation;1639;5
validation;1640;1
validation;1641;3
validation;1642;8
validation;1643;2
validation;1644;1
validation;1645;7
validation;1646;4
validation;1647;1
validation;1648;1
validation;1649;3
validation;1650;7
validation;1651;2
validation;1652;4
validation;1653;3
validation;1654;1
validation;1655;5
validation;1656;5
validation;1657;2
validation;1658;4
validation;1659;5
validation;1660;6
validation;1661;8
validation;1662;5
validation;1663;2
validation;1664;5
validation;1665;5
validation;1666;3
validation;1667;5
validation;1668;2
validation;1669;12
validation;1670;3
validation;1671;2
validation;1672;4
validation;1673;6
validation;1675;4
validation;1676;4
validation;1677;5
validation;1678;4
validation;1679;2
validation;1680;5
validation;1681;4
validation;1682;3
validation;1683;1
validation;1684;3
validation;1685;4
validation;1686;1
validation;1687;4
validation;1688;2
validation;1689;2
validation;1690;4
validation;1691;3
validation;1692;1
validation;1693;6
validation;1694;4
validation;1695;2
validation;1696;3
validation;1697;3
validation;1698;6
validation;1700;2
validation;1701;2
validation;1702;5
validation;1703;4
validation;1704;1
validation;1705;2
validation;1706;5
validation;1707;2
validation;1708;6
validation;1709;4
validation;1710;4
validation;1711;1
validation;1712;1
validation;1713;5
validation;1714;6
validation;1715;5
validation;1716;3
validation;1717;2
validation;1718;3
validation;1720;3
validation;1721;3
validation;1722;3
validation;1723;3
validation;1724;1
validation;1725;3
validation;1726;4
validation;1727;2
validation;1728;5
validation;1729;3
validation;1730;3
validation;1731;5
validation;1732;2
validation;1733;4
validation;1734;4
validation;1736;4
validation;1737;2
validation;1738;2
validation;1739;1
validation;1740;3
validation;1741;2
validation;1742;3
validation;1743;4
validation;1744;3
validation;1745;3
validation;1746;2
validation;1747;3
validation;1748;2
validation;1749;1
validation;1750;6
validation;1751;3
validation;1752;3
validation;1753;1
validation;1754;2
validation;1755;3
validation;1756;2
validation;1757;3
validation;1758;2
validation;1759;3
validation;1760;3
validation;1761;5
validation;1762;4
validation;1763;4
validation;1764;2
validation;1765;3
validation;1766;7
validation;1767;3
validation;1768;2
validation;1770;5
validation;1771;6
validation;1772;3
validation;1773;2
validation;1774;4
validation;1775;3
validation;1776;4
validation;1777;3
validation;1778;2
validation;1779;1
validation;1780;5
validation;1781;2
validation;1782;3
validation;1783;5
validation;1784;2
validation;1785;3
validation;1786;3
validation;1787;1
validation;1789;4
validation;1790;4
validation;1792;1
validation;1793;5
validation;1794;2
validation;1795;4
validation;1796;1
validation;1797;2
validation;1798;3
validation;1799;2
validation;1800;1
validation;1801;6
validation;1802;1
validation;1803;1
validation;1804;9
validation;1805;3
validation;1806;4
validation;1807;1
validation;1808;5
validation;1809;5
validation;1810;5
validation;1811;4
validation;1812;3
validation;1813;1
validation;1814;3
validation;1815;1
validation;1816;2
validation;1817;3
validation;1818;2
validation;1819;3
validation;1820;2
validation;1821;2
validation;1822;4
validation;1823;3
validation;1824;5
validation;1825;2
validation;1826;1
validation;1827;4
validation;1828;1
validation;1829;3
validation;1831;1
validation;1832;2
validation;1833;4
validation;1834;1
validation;1835;2
validation;1836;1
validation;1837;5
validation;1838;3
validation;1839;1
validation;1840;1
validation;1841;7
validation;1842;4
validation;1843;6
validation;1844;3
validation;1845;2
validation;1846;2
validation;1847;2
validation;1848;2
validation;1849;3
validation;1851;1
validation;1852;5
validation;1853;1
validation;1854;1
validation;1855;4
validation;1856;3
validation;1857;2
validation;1859;1
validation;1860;6
validation;1861;5
validation;1862;4
validation;1863;3
validation;1864;1
validation;1865;2
validation;1866;1
validation;1867;6
validation;1868;2
validation;1870;1
validation;1871;6
validation;1872;1
validation;1873;3
validation;1874;1
validation;1875;3
validation;1876;1
validation;1877;1
validation;1878;5
validation;1879;2
validation;1880;1
validation;1881;1
validation;1882;3
validation;1883;7
validation;1884;2
validation;1885;3
validation;1886;1
validation;1887;3
validation;1888;1
validation;1890;1
validation;1891;2
validation;1893;2
validation;1894;2
validation;1895;3
validation;1896;1
validation;1897;3
validation;1898;2
validation;1899;6
validation;1900;3
validation;1901;5
validation;1902;7
validation;1903;2
validation;1904;2
validation;1905;1
validation;1906;5
validation;1908;2
validation;1909;7
validation;1910;1
validation;1912;4
validation;1913;3
validation;1914;1
validation;1915;1
validation;1916;2
validation;1917;4
validation;1918;4
validation;1920;3
validation;1921;1
validation;1922;3
validation;1923;1
validation;1924;2
validation;1925;1
validation;1926;6
validation;1927;1
validation;1928;1
validation;1929;1
validation;1930;1
validation;1931;1
validation;1932;3
validation;1933;5
validation;1934;2
validation;1935;2
validation;1936;1
validation;1937;3
validation;1938;5
validation;1939;6
validation;1940;1
validation;1941;3
validation;1942;6
validation;1943;2
validation;1944;2
validation;1945;2
validation;1946;2
validation;1948;3
validation;1949;5
validation;1950;3
validation;1951;3
validation;1952;1
validation;1954;1
validation;1955;2
validation;1956;1
validation;1957;1
validation;1958;2
validation;1959;3
validation;1960;1
validation;1961;3
validation;1963;2
validation;1964;5
validation;1966;1
validation;1967;3
validation;1968;3
validation;1969;3
validation;1970;2
validation;1971;2
validation;1972;1
validation;1973;1
validation;1974;2
validation;1976;3
validation;1977;4
validation;1978;3
validation;1979;1
validation;1980;2
validation;1981;1
validation;1982;2
validation;1983;2
validation;1984;4
validation;1985;3
validation;1988;1
validation;1989;1
validation;1990;1
validation;1992;1
validation;1994;1
validation;1996;2
validation;1997;4
validation;1998;3
validation;1999;1
validation;2002;1
validation;2003;4
validation;2004;4
validation;2005;1
validation;2006;3
validation;2007;3
validation;2008;3
validation;2009;4
validation;2010;1
validation;2011;2
validation;2012;2
validation;2013;4
validation;2014;4
validation;2015;2
validation;2016;1
validation;2017;2
validation;2018;3
validation;2019;1
validation;2020;2
validation;2021;3
validation;2022;2
validation;2023;4
validation;2025;3
validation;2026;4
validation;2027;2
validation;2028;2
validation;2029;2
validation;2030;2
validation;2031;2
validation;2032;4
validation;2033;4
validation;2034;2
validation;2036;1
validation;2037;1
validation;2038;4
validation;2039;5
validation;2040;1
validation;2041;1
validation;2042;3
validation;2044;2
validation;2045;3
validation;2046;4
validation;2048;1
validation;2049;2
validation;2050;1
validation;2051;2
validation;2052;2
validation;2053;3
validation;2054;1
validation;2055;5
validation;2058;2
validation;2059;2
validation;2060;2
validation;2061;3
validation;2062;1
validation;2064;4
validation;2065;5
validation;2067;2
validation;2068;1
validation;2069;1
validation;2070;1
validation;2071;1
validation;2072;1
validation;2073;1
validation;2076;1
validation;2077;1
validation;2079;1
validation;2080;1
validation;2081;3
validation;2082;4
validation;2083;4
validation;2085;1
validation;2086;4
validation;2087;2
validation;2088;1
validation;2089;1
validation;2090;3
validation;2091;1
validation;2092;4
validation;2093;2
validation;2094;3
validation;2095;3
validation;2097;2
validation;2098;1
validation;2100;1
validation;2101;1
validation;2102;1
validation;2103;3
validation;2104;1
validation;2105;3
validation;2106;2
validation;2107;3
validation;2108;3
validation;2109;5
validation;2110;2
validation;2112;1
validation;2113;2
validation;2114;1
validation;2115;1
validation;2116;1
validation;2117;3
validation;2118;5
validation;2119;2
validation;2121;2
validation;2122;3
validation;2123;1
validation;2124;1
validation;2125;4
validation;2126;2
validation;2127;5
validation;2129;1
validation;2130;3
validation;2131;2
validation;2132;1
validation;2133;3
validation;2135;3
validation;2136;1
validation;2137;1
validation;2138;2
validation;2139;2
validation;2140;1
validation;2141;3
validation;2142;2
validation;2143;2
validation;2144;1
validation;2145;2
validation;2146;2
validation;2147;2
validation;2148;1
validation;2149;1
validation;2150;1
validation;2151;3
validation;2152;2
validation;2153;4
validation;2155;2
validation;2156;2
validation;2157;1
validation;2158;1
validation;2160;1
validation;2161;1
validation;2162;1
validation;2164;2
validation;2165;1
validation;2166;2
validation;2167;2
validation;2168;1
validation;2169;3
validation;2170;1
validation;2172;1
validation;2173;2
validation;2174;1
validation;2175;1
validation;2176;2
validation;2177;2
validation;2178;1
validation;2179;1
validation;2180;3
validation;2182;2
validation;2183;4
validation;2184;1
validation;2185;2
validation;2186;2
validation;2187;3
validation;2189;2
validation;2190;2
validation;2191;2
validation;2192;3
validation;2194;2
validation;2195;2
validation;2196;3
validation;2197;1
validation;2199;6
validation;2200;1
validation;2201;1
validation;2202;3
validation;2204;1
validation;2205;3
validation;2206;1
validation;2207;2
validation;2208;2
validation;2210;3
validation;2211;2
validation;2212;4
validation;2213;3
validation;2216;2
validation;2217;1
validation;2221;2
validation;2223;1
validation;2225;3
validation;2226;2
validation;2227;1
validation;2228;2
validation;2229;1
validation;2230;2
validation;2231;1
validation;2232;2
validation;2233;2
validation;2234;1
validation;2235;1
validation;2236;2
validation;2237;2
validation;2238;1
validation;2239;3
validation;2240;1
validation;2241;2
validation;2242;2
validation;2244;2
validation;2245;1
validation;2246;1
validation;2247;2
validation;2248;2
validation;2249;2
validation;2250;1
validation;2251;2
validation;2252;2
validation;2254;1
validation;2255;3
validation;2256;2
validation;2257;2
validation;2258;5
validation;2259;3
validation;2260;1
validation;2262;2
validation;2263;3
validation;2264;1
validation;2266;3
validation;2267;2
validation;2268;1
validation;2269;2
validation;2270;1
validation;2271;3
validation;2273;4
validation;2276;1
validation;2278;1
validation;2279;2
validation;2280;2
validation;2281;2
validation;2283;1
validation;2284;1
validation;2288;2
validation;2289;2
validation;2290;1
validation;2291;2
validation;2292;2
validation;2294;2
validation;2297;1
validation;2299;5
validation;2300;2
validation;2301;2
validation;2302;3
validation;2303;1
validation;2304;4
validation;2306;2
validation;2307;2
validation;2308;2
validation;2310;1
validation;2312;3
validation;2313;2
validation;2314;1
validation;2315;1
validation;2316;1
validation;2317;2
validation;2318;1
validation;2320;4
validation;2321;1
validation;2322;2
validation;2325;2
validation;2326;1
validation;2328;1
validation;2329;4
validation;2330;2
validation;2331;2
validation;2332;1
validation;2335;1
validation;2336;2
validation;2337;1
validation;2338;1
validation;2339;2
validation;2341;3
validation;2342;3
validation;2343;1
validation;2344;3
validation;2345;3
validation;2346;3
validation;2347;3
validation;2348;1
validation;2349;1
validation;2350;1
validation;2351;2
validation;2352;1
validation;2353;1
validation;2354;3
validation;2355;4
validation;2356;1
validation;2357;2
validation;2359;3
validation;2360;3
validation;2361;1
validation;2363;1
validation;2364;2
validation;2365;1
validation;2366;4
validation;2367;2
validation;2368;2
validation;2369;1
validation;2371;1
validation;2372;4
validation;2374;1
validation;2377;6
validation;2378;3
validation;2379;2
validation;2380;1
validation;2381;2
validation;2385;1
validation;2386;1
validation;2387;1
validation;2388;1
validation;2389;2
validation;2391;3
validation;2392;1
validation;2395;1
validation;2396;1
validation;2398;1
validation;2399;2
validation;2400;3
validation;2401;3
validation;2402;1
validation;2403;4
validation;2404;1
validation;2405;1
validation;2406;1
validation;2407;1
validation;2408;1
validation;2409;1
validation;2411;1
validation;2412;1
validation;2413;2
validation;2414;3
validation;2415;1
validation;2417;1
validation;2419;2
validation;2420;1
validation;2423;1
validation;2425;1
validation;2426;5
validation;2427;1
validation;2428;2
validation;2429;3
validation;2430;2
validation;2431;1
validation;2432;1
validation;2433;2
validation;2434;3
validation;2435;2
validation;2436;1
validation;2437;2
validation;2440;1
validation;2441;6
validation;2442;2
validation;2444;3
validation;2445;3
validation;2446;2
validation;2448;4
validation;2450;1
validation;2451;1
validation;2452;1
validation;2454;1
validation;2455;1
validation;2456;2
validation;2457;1
validation;2458;2
validation;2459;2
validation;2460;4
validation;2462;3
validation;2464;2
validation;2465;2
validation;2466;1
validation;2467;1
validation;2468;3
validation;2469;1
validation;2470;2
validation;2473;1
validation;2474;2
validation;2475;2
validation;2476;2
validation;2477;2
validation;2478;1
validation;2479;1
validation;2480;1
validation;2481;1
validation;2482;1
validation;2483;2
validation;2484;3
validation;2485;1
validation;2486;1
validation;2487;3
validation;2491;3
validation;2492;1
validation;2493;2
validation;2495;1
validation;2496;2
validation;2497;2
validation;2500;1
validation;2503;1
validation;2504;1
validation;2505;1
validation;2508;1
validation;2509;2
validation;2510;2
validation;2511;1
validation;2512;1
validation;2514;1
validation;2516;1
validation;2519;1
validation;2520;2
validation;2524;1
validation;2525;2
validation;2526;1
validation;2528;1
validation;2529;1
validation;2531;2
validation;2532;2
validation;2533;2
validation;2534;2
validation;2537;1
validation;2539;3
validation;2540;2
validation;2545;1
validation;2547;1
validation;2548;1
validation;2550;2
validation;2552;2
validation;2553;1
validation;2554;1
validation;2555;1
validation;2556;2
validation;2558;2
validation;2560;1
validation;2562;1
validation;2563;2
validation;2564;3
validation;2565;3
validation;2568;2
validation;2569;1
validation;2570;3
validation;2571;1
validation;2572;1
validation;2576;2
validation;2578;3
validation;2579;1
validation;2580;3
validation;2581;1
validation;2583;1
validation;2584;1
validation;2586;2
validation;2587;1
validation;2589;1
validation;2591;1
validation;2592;2
validation;2593;1
validation;2595;2
validation;2596;2
validation;2597;1
validation;2598;1
validation;2600;1
validation;2601;2
validation;2602;1
validation;2603;3
validation;2604;3
validation;2605;2
validation;2606;2
validation;2607;1
validation;2608;1
validation;2611;4
validation;2612;2
validation;2613;1
validation;2614;2
validation;2616;2
validation;2619;2
validation;2621;3
validation;2624;1
validation;2625;1
validation;2626;1
validation;2627;1
validation;2628;1
validation;2629;1
validation;2630;3
validation;2633;1
validation;2635;1
validation;2636;2
validation;2637;2
validation;2638;2
validation;2639;2
validation;2640;3
validation;2643;1
validation;2645;2
validation;2647;1
validation;2649;1
validation;2650;1
validation;2651;1
validation;2653;1
validation;2654;1
validation;2655;2
validation;2658;1
validation;2659;2
validation;2660;1
validation;2661;1
validation;2662;1
validation;2663;1
validation;2664;4
validation;2666;1
validation;2669;2
validation;2671;1
validation;2675;1
validation;2677;1
validation;2678;3
validation;2681;1
validation;2682;2
validation;2683;1
validation;2687;2
validation;2694;1
validation;2696;1
validation;2698;1
validation;2700;2
validation;2705;1
validation;2706;1
validation;2710;2
validation;2711;1
validation;2712;2
validation;2713;2
validation;2714;1
validation;2715;2
validation;2716;2
validation;2717;1
validation;2718;1
validation;2719;2
validation;2720;2
validation;2721;1
validation;2722;3
validation;2723;1
validation;2724;3
validation;2726;2
validation;2727;2
validation;2728;1
validation;2729;3
validation;2730;1
validation;2732;3
validation;2733;2
validation;2734;2
validation;2735;4
validation;2737;2
validation;2738;1
validation;2739;1
validation;2740;4
validation;2741;3
validation;2743;2
validation;2744;1
validation;2745;1
validation;2749;3
validation;2751;2
validation;2753;2
validation;2755;2
validation;2756;1
validation;2757;3
validation;2759;1
validation;2761;1
validation;2763;1
validation;2765;2
validation;2766;1
validation;2767;2
validation;2768;1
validation;2771;2
validation;2772;1
validation;2773;1
validation;2776;2
validation;2777;1
validation;2778;1
validation;2779;1
validation;2780;2
validation;2781;1
validation;2784;2
validation;2785;2
validation;2786;1
validation;2789;1
validation;2791;2
validation;2793;2
validation;2794;1
validation;2795;3
validation;2797;2
validation;2798;1
validation;2800;1
validation;2801;1
validation;2802;1
validation;2803;1
validation;2804;1
validation;2805;3
validation;2806;1
validation;2807;1
validation;2814;2
validation;2815;1
validation;2819;2
validation;2821;2
validation;2822;2
validation;2824;1
validation;2825;3
validation;2826;3
validation;2827;1
validation;2828;1
validation;2830;3
validation;2831;1
validation;2832;2
validation;2833;1
validation;2834;1
validation;2835;3
validation;2836;1
validation;2837;2
validation;2839;2
validation;2840;1
validation;2842;1
validation;2844;1
validation;2846;3
validation;2848;3
validation;2849;2
validation;2850;2
validation;2851;1
validation;2852;3
validation;2854;1
validation;2857;1
validation;2858;1
validation;2860;1
validation;2861;1
validation;2862;2
validation;2863;1
validation;2864;2
validation;2866;4
validation;2867;2
validation;2869;2
validation;2870;1
validation;2871;1
validation;2873;1
validation;2879;2
validation;2881;2
validation;2882;3
validation;2883;2
validation;2884;2
validation;2886;1
validation;2888;2
validation;2889;1
validation;2891;1
validation;2892;1
validation;2894;1
validation;2898;2
validation;2899;2
validation;2900;2
validation;2902;1
validation;2904;1
validation;2909;1
validation;2910;3
validation;2911;1
validation;2912;2
validation;2913;1
validation;2915;1
validation;2917;1
validation;2918;1
validation;2919;2
validation;2920;2
validation;2922;3
validation;2923;3
validation;2924;1
validation;2926;2
validation;2927;1
validation;2929;2
validation;2930;3
validation;2932;2
validation;2933;2
validation;2934;1
validation;2936;1
validation;2938;1
validation;2939;1
validation;2940;1
validation;2941;1
validation;2942;1
validation;2943;2
validation;2945;3
validation;2946;3
validation;2949;1
validation;2950;4
validation;2952;2
validation;2953;2
validation;2955;2
validation;2957;1
validation;2959;1
validation;2962;2
validation;2963;2
validation;2964;2
validation;2965;1
validation;2967;1
validation;2968;3
validation;2969;2
validation;2970;1
validation;2973;2
validation;2974;1
validation;2975;1
validation;2976;2
validation;2977;1
validation;2981;1
validation;2983;1
validation;2985;2
validation;2986;2
validation;2987;3
validation;2989;2
validation;2990;1
validation;2991;1
validation;2992;1
validation;2994;1
validation;2997;1
validation;2998;2
validation;2999;1
validation;3000;1
validation;3003;2
validation;3005;6
validation;3006;1
validation;3007;1
validation;3008;1
validation;3011;1
validation;3012;1
validation;3014;1
validation;3016;2
validation;3017;1
validation;3019;3
validation;3022;2
validation;3023;2
validation;3024;1
validation;3026;2
validation;3027;1
validation;3029;1
validation;3033;1
validation;3034;1
validation;3035;1
validation;3038;2
validation;3039;1
validation;3040;1
validation;3041;1
validation;3042;1
validation;3043;3
validation;3046;1
validation;3047;1
validation;3050;2
validation;3051;1
validation;3052;3
validation;3054;1
validation;3055;2
validation;3056;2
validation;3057;2
validation;3060;1
validation;3061;1
validation;3062;1
validation;3064;1
validation;3065;1
validation;3067;5
validation;3070;2
validation;3071;2
validation;3072;2
validation;3073;3
validation;3075;1
validation;3076;3
validation;3077;2
validation;3078;1
validation;3079;3
validation;3080;1
validation;3081;2
validation;3082;1
validation;3085;3
validation;3086;2
validation;3087;2
validation;3089;1
validation;3090;1
validation;3093;2
validation;3094;1
validation;3097;1
validation;3098;1
validation;3100;2
validation;3102;1
validation;3104;2
validation;3105;3
validation;3106;2
validation;3107;1
validation;3110;1
validation;3113;1
validation;3115;1
validation;3117;1
validation;3119;1
validation;3120;1
validation;3121;1
validation;3123;1
validation;3125;2
validation;3126;2
validation;3131;1
validation;3132;1
validation;3134;3
validation;3136;2
validation;3137;1
validation;3138;2
validation;3140;1
validation;3141;1
validation;3142;1
validation;3143;2
validation;3144;2
validation;3145;1
validation;3146;2
validation;3147;1
validation;3149;1
validation;3150;1
validation;3151;2
validation;3152;1
validation;3153;1
validation;3154;3
validation;3158;1
validation;3159;1
validation;3161;1
validation;3163;2
validation;3167;1
validation;3168;3
validation;3169;1
validation;3170;2
validation;3171;2
validation;3172;1
validation;3177;1
validation;3179;1
validation;3182;1
validation;3183;4
validation;3185;2
validation;3192;2
validation;3193;3
validation;3198;2
validation;3200;2
validation;3201;1
validation;3202;2
validation;3204;1
validation;3209;3
validation;3212;1
validation;3215;2
validation;3216;1
validation;3217;1
validation;3219;1
validation;3220;1
validation;3223;1
validation;3225;2
validation;3226;2
validation;3227;1
validation;3229;1
validation;3230;1
validation;3233;1
validation;3241;2
validation;3245;3
validation;3246;3
validation;3247;2
validation;3248;1
validation;3252;1
validation;3253;1
validation;3254;1
validation;3255;1
validation;3258;1
validation;3262;1
validation;3263;1
validation;3265;2
validation;3266;1
validation;3267;2
validation;3268;1
validation;3271;1
validation;3272;1
validation;3273;1
validation;3274;1
validation;3275;3
validation;3276;1
validation;3278;1
validation;3280;1
validation;3285;1
validation;3288;1
validation;3290;1
validation;3291;2
validation;3292;1
validation;3293;1
validation;3297;1
validation;3299;1
validation;3300;1
validation;3303;1
validation;3304;1
validation;3308;2
validation;3309;1
validation;3312;1
validation;3314;2
validation;3316;1
validation;3320;1
validation;3321;2
validation;3323;1
validation;3324;1
validation;3328;1
validation;3329;1
validation;3330;2
validation;3332;1
validation;3333;1
validation;3335;1
validation;3336;1
validation;3337;1
validation;3339;1
validation;3341;2
validation;3342;1
validation;3345;3
validation;3346;1
validation;3352;1
validation;3355;1
validation;3356;1
validation;3357;2
validation;3358;1
validation;3362;1
validation;3363;1
validation;3364;1
validation;3366;1
validation;3367;3
validation;3370;1
validation;3371;2
validation;3375;1
validation;3377;2
validation;3379;2
validation;3380;4
validation;3381;2
validation;3382;1
validation;3384;2
validation;3387;2
validation;3388;1
validation;3392;1
validation;3397;1
validation;3398;1
validation;3400;3
validation;3403;3
validation;3405;1
validation;3407;1
validation;3409;1
validation;3415;1
validation;3417;1
validation;3420;1
validation;3422;3
validation;3426;1
validation;3429;1
validation;3430;1
validation;3435;1
validation;3437;1
validation;3441;1
validation;3444;2
validation;3447;1
validation;3458;1
validation;3459;1
validation;3461;1
validation;3466;3
validation;3469;1
validation;3473;1
validation;3474;1
validation;3478;1
validation;3481;1
validation;3482;1
validation;3486;1
validation;3487;1
validation;3493;1
validation;3495;1
validation;3502;1
validation;3510;2
validation;3513;1
validation;3522;1
validation;3523;2
validation;3524;2
validation;3526;1
validation;3532;2
validation;3533;3
validation;3537;2
validation;3538;1
validation;3539;1
validation;3540;1
validation;3542;1
validation;3547;1
validation;3548;1
validation;3551;1
validation;3554;2
validation;3559;1
validation;3563;1
validation;3564;1
validation;3567;1
validation;3570;2
validation;3571;1
validation;3572;1
validation;3573;1
validation;3578;1
validation;3580;1
validation;3583;1
validation;3585;1
validation;3586;1
validation;3589;1
validation;3591;1
validation;3594;2
validation;3595;1
validation;3596;1
validation;3601;1
validation;3602;1
validation;3605;1
validation;3606;1
validation;3608;1
validation;3609;1
validation;3613;1
validation;3619;1
validation;3625;2
validation;3627;1
validation;3639;1
validation;3641;1
validation;3643;1
validation;3648;1
validation;3654;2
validation;3655;2
validation;3658;2
validation;3659;1
validation;3661;1
validation;3662;1
validation;3663;1
validation;3664;1
validation;3668;2
validation;3669;1
validation;3675;1
validation;3678;1
validation;3680;1
validation;3682;1
validation;3684;1
validation;3689;1
validation;3690;1
validation;3699;1
validation;3701;1
validation;3702;1
validation;3703;2
validation;3705;1
validation;3709;2
validation;3710;1
validation;3715;1
validation;3721;1
validation;3722;1
validation;3725;1
validation;3730;1
validation;3731;2
validation;3733;1
validation;3738;1
validation;3742;1
validation;3744;1
validation;3746;1
validation;3751;1
validation;3752;1
validation;3754;1
validation;3766;1
validation;3772;2
validation;3773;1
validation;3779;1
validation;3785;1
validation;3786;1
validation;3787;1
validation;3791;1
validation;3797;1
validation;3807;1
validation;3808;1
validation;3812;1
validation;3818;1
validation;3824;1
validation;3832;1
validation;3835;1
validation;3836;1
validation;3841;1
validation;3844;1
validation;3847;2
validation;3850;1
validation;3857;1
validation;3860;1
validation;3874;1
validation;3882;1
validation;3890;2
validation;3902;1
validation;3904;1
validation;3910;1
validation;3913;1
validation;3920;1
validation;3923;1
validation;3925;1
validation;3936;2
validation;3938;1
validation;3945;1
validation;3946;1
validation;3958;1
validation;3970;1
validation;3983;1
validation;3999;1
validation;4001;1
validation;4035;1
validation;4055;1
validation;4056;1
validation;4073;1
validation;4083;1
validation;4085;1
validation;4094;1
validation;4096;1
validation;4103;1
validation;4109;1
validation;4116;1
validation;4118;1
validation;4138;1
validation;4146;1
validation;4169;1
validation;4183;1
validation;4186;2
validation;4196;1
validation;4201;1
validation;4203;1
validation;4204;2
validation;4215;1
validation;4219;1
validation;4220;1
validation;4230;1
validation;4235;1
validation;4241;1
validation;4242;1
validation;4263;1
validation;4272;1
validation;4273;1
validation;4274;1
validation;4276;1
validation;4282;1
validation;4283;1
validation;4284;1
validation;4286;1
validation;4300;1
validation;4301;1
validation;4307;1
validation;4319;2
validation;4323;1
validation;4325;2
validation;4326;1
validation;4327;1
validation;4328;2
validation;4331;1
validation;4335;2
validation;4338;1
validation;4339;1
validation;4345;1
validation;4348;2
validation;4352;1
validation;4355;1
validation;4367;1
validation;4372;1
validation;4379;1
validation;4385;1
validation;4386;1
validation;4387;1
validation;4392;1
validation;4412;1
validation;4422;1
validation;4425;1
validation;4433;1
validation;4439;1
validation;4443;1
validation;4446;1
validation;4450;1
validation;4462;1
validation;4473;1
validation;4492;1
validation;4511;1
validation;4519;2
validation;4521;1
validation;4522;2
validation;4524;1
validation;4528;1
validation;4545;2
validation;4575;1
validation;4583;1
validation;4595;2
validation;4603;1
validation;4604;1
validation;4605;1
validation;4608;1
validation;4611;1
validation;4619;1
validation;4641;1
validation;4642;1
validation;4644;1
validation;4647;1
validation;4655;1
validation;4683;1
validation;4691;1
validation;4699;1
validation;4712;1
validation;4722;1
validation;4725;1
validation;4742;1
validation;4743;1
validation;4785;1
validation;4806;1
validation;4813;1
validation;4821;1
validation;4823;1
validation;4825;1
validation;4827;1
validation;4833;1
validation;4834;1
validation;4839;1
validation;4843;1
validation;4859;1
validation;4864;1
validation;4869;1
validation;4878;1
validation;4908;1
validation;4913;1
validation;4918;1
validation;4923;1
validation;4972;1
validation;4973;2
validation;5006;1
validation;5019;1
validation;5032;1
validation;5041;1
validation;5047;1
validation;5063;1
validation;5082;1
validation;5095;1
validation;5116;1
validation;5168;1
validation;5170;1
validation;5175;1
validation;5181;1
validation;5182;1
validation;5186;1
validation;5191;1
validation;5217;1
validation;5253;1
validation;5259;1
validation;5279;1
validation;5291;1
validation;5309;1
validation;5324;2
validation;5335;1
validation;5338;1
validation;5365;1
validation;5386;1
validation;5387;1
validation;5391;1
validation;5394;1
validation;5398;2
validation;5425;1
validation;5441;1
validation;5479;1
validation;5483;1
validation;5500;1
validation;5502;1
validation;5504;1
validation;5538;1
validation;5563;1
validation;5575;1
validation;5603;1
validation;5627;1
validation;5767;1
validation;5799;1
validation;5827;1
